,title,release_year,runtime_min,genre,rating,gross_usd_mil
350,Guardians of the Galaxy Vol. 3,2023,150,"Action, Adventure, Comedy, Action, Adventure, Comedy, Action, Adventure, Comedy",8.2,0.0
1177,John Wick: Chapter 4,2023,169,"Action, Crime, Thriller, Action, Crime, Thriller, Action, Crime, Thriller",7.9,0.0
16,Spider-Man: Across the Spider-Verse,2023,140,"Animation, Action, Adventure, Animation, Action, Adventure, Animation, Action, Adventure",8.9,0.0
1509,Everything Everywhere All at Once,2022,139,"Action, Adventure, Comedy, Action, Adventure, Comedy, Action, Adventure, Comedy",7.8,72.86
1506,The Batman,2022,176,"Action, Crime, Drama, Action, Crime, Drama, Action, Crime, Drama",7.8,369.35
453,Drishyam 2,2022,140,"Crime, Drama, Thriller, Crime, Drama, Mystery, Crime, Drama, Thriller, Crime, Drama, Mystery, Crime, Drama, Thriller, Crime, Drama, Mystery, Crime, Drama, Thriller, Crime, Drama, Mystery, Crime, Drama, Thriller, Crime, Drama, Mystery, Crime, Drama, Thriller, Crime, Drama, Mystery",8.2,0.0
89,Sita Ramam,2022,163,"Action, Drama, Mystery, Action, Drama, Mystery, Action, Drama, Mystery",8.6,0.0
1913,Aftersun,2022,102,Drama,7.7,0.0
1910,The Whale,2022,117,Drama,7.7,0.0
1540,All Quiet on the Western Front,2022,148,"Drama, War, Action, Drama, War, Drama, War, Action, Drama, War, Drama, War, Action, Drama, War, Drama, War, Action, Drama, War, Drama, War, Action, Drama, War",7.8,0.0
1551,RRR,2022,187,"Action, Drama, Action, Drama",7.8,14.5
1911,The Banshees of Inisherin,2022,114,"Comedy, Drama, Comedy, Drama",7.7,0.0
1619,Thirteen Lives,2022,147,"Action, Adventure, Biography, Action, Adventure, Biography, Action, Adventure, Biography",7.8,0.0
41,Rocketry: The Nambi Effect,2022,157,"Biography, Drama, Biography, Drama",8.8,0.0
332,Vikram,2022,175,"Action, Crime, Thriller, Action, Crime, Thriller, Action, Crime, Thriller",8.3,0.0
326,K.G.F: Chapter 2,2022,168,"Action, Crime, Drama, Action, Crime, Drama, Action, Crime, Drama",8.3,6.6
315,Kantara,2022,148,"Action, Adventure, Drama, Action, Adventure, Drama, Action, Adventure, Drama",8.3,0.0
230,Top Gun: Maverick,2022,130,"Action, Drama, Action, Drama",8.3,718.73
1185,Puss in Boots: The Last Wish,2022,102,"Animation, Adventure, Comedy, Animation, Adventure, Comedy, Animation, Adventure, Comedy",7.9,168.46
2326,Avatar: The Way of Water,2022,192,"Action, Adventure, Fantasy, Action, Adventure, Fantasy, Action, Adventure, Fantasy",7.6,659.68
38,777 Charlie,2022,164,"Adventure, Comedy, Drama, Adventure, Comedy, Drama, Adventure, Comedy, Drama",8.8,0.0
1614,The Worst Person in the World,2021,128,"Comedy, Drama, Romance, Comedy, Drama, Romance, Comedy, Drama, Romance",7.8,0.0
35,Jai Bhim,2021,164,"Crime, Drama, Mystery, Crime, Drama, Mystery, Crime, Drama, Mystery",8.8,0.0
355,Spider-Man: No Way Home,2021,148,"Action, Adventure, Fantasy, Action, Adventure, Fantasy, Action, Adventure, Fantasy",8.2,804.75
859,Dune: Part One,2021,155,"Action, Adventure, Drama, Action, Adventure, Drama, Action, Adventure, Drama",8.0,108.33
222,Sardar Udham,2021,164,"Biography, Crime, Drama, Biography, Crime, Drama, Biography, Crime, Drama",8.4,0.0
227,Drishyam 2,2021,152,"Crime, Drama, Thriller, Crime, Drama, Mystery, Crime, Drama, Thriller, Crime, Drama, Mystery, Crime, Drama, Thriller, Crime, Drama, Mystery, Crime, Drama, Thriller, Crime, Drama, Mystery, Crime, Drama, Thriller, Crime, Drama, Mystery, Crime, Drama, Thriller, Crime, Drama, Mystery",8.4,0.0
338,Shershaah,2021,135,"Action, Biography, Drama, Action, Biography, Drama, Action, Biography, Drama",8.3,0.0
903,CODA,2021,111,"Comedy, Drama, Music, Comedy, Drama, Music, Comedy, Drama, Music",8.0,0.0
862,Zack Snyder's Justice League,2021,242,"Action, Adventure, Fantasy, Action, Adventure, Fantasy, Action, Adventure, Fantasy",8.0,0.0
2424,The Mitchells vs the Machines,2021,114,"Animation, Adventure, Comedy, Animation, Adventure, Comedy, Animation, Adventure, Comedy",7.6,0.0
2041,Another Round,2020,117,Drama,7.7,0.0
920,Soul,2020,100,"Animation, Adventure, Comedy, Animation, Adventure, Comedy, Animation, Adventure, Comedy",8.0,0.0
1059,Wolfwalkers,2020,103,"Animation, Action, Adventure, Animation, Action, Adventure, Animation, Action, Adventure",8.0,0.0
407,The Father,2020,97,"Drama, Mystery, Drama, Mystery",8.2,0.0
434,Demon Slayer the Movie: Mugen Train,2020,117,"Animation, Action, Adventure, Animation, Action, Adventure, Animation, Action, Adventure",8.2,47.7
1121,"Quo Vadis, Aida?",2020,101,"Drama, History, War, Drama, History, War, Drama, History, War",8.0,0.0
55,Soorarai Pottru,2020,153,"Action, Drama, Action, Drama",8.7,0.0
268,Hamilton,2020,160,"Biography, Drama, History, Biography, Drama, History, Biography, Drama, History",8.3,0.0
2084,The Trial of the Chicago 7,2020,129,"Drama, History, Thriller, Drama, History, Thriller, Drama, History, Thriller",7.7,0.0
103,Parasite,2019,132,"Drama, Thriller, Drama, Thriller",8.5,53.37
341,Chhichhore,2019,143,"Comedy, Drama, Romance, Comedy, Drama, Romance, Comedy, Drama, Romance",8.3,0.9
2007,Toy Story 4,2019,100,"Animation, Adventure, Comedy, Animation, Adventure, Comedy, Animation, Adventure, Comedy",7.7,434.04
2475,Dark Waters,2019,126,"Biography, Drama, History, Biography, Drama, History, Biography, Drama, History",7.6,0.0
154,Avengers: Endgame,2019,181,"Action, Adventure, Drama, Action, Adventure, Drama, Action, Adventure, Drama",8.4,858.37
456,Klaus,2019,96,"Animation, Adventure, Comedy, Animation, Adventure, Comedy, Animation, Adventure, Comedy",8.2,0.0
1197,Knives Out,2019,130,"Comedy, Crime, Drama, Comedy, Crime, Drama, Comedy, Crime, Drama",7.9,165.36
1570,Little Women,2019,135,"Drama, Romance, Drama, Romance",7.8,108.1
636,Portrait of a Lady on Fire,2019,122,Drama,8.1,3.76
1234,Jojo Rabbit,2019,108,"Comedy, Drama, War, Comedy, Drama, War, Comedy, Drama, War",7.9,33.37
1565,The Irishman,2019,209,"Biography, Crime, Drama, Biography, Crime, Drama, Biography, Crime, Drama",7.8,7.0
2105,Sound of Metal,2019,120,"Drama, Music, Drama, Music",7.7,0.0
377,1917,2019,119,"Action, Drama, War, Action, Drama, War, Action, Drama, War",8.2,159.23
465,Miracle in Cell No. 7,2019,132,Drama,8.2,0.0
1450,Gully Boy,2019,154,"Drama, Music, Romance, Drama, Music, Romance, Drama, Music, Romance",7.9,5.57
2332,Once Upon a Time in Hollywood,2019,161,"Comedy, Drama, Comedy, Drama",7.6,142.5
1268,Marriage Story,2019,137,"Drama, Romance, Drama, Romance",7.9,2.0
159,Joker,2019,122,"Crime, Drama, Thriller, Crime, Drama, Thriller, Crime, Drama, Thriller",8.4,335.45
219,Kaithi,2019,145,"Action, Adventure, Crime, Action, Adventure, Crime, Action, Adventure, Crime",8.4,0.0
1369,Togo,2019,113,"Adventure, Biography, Drama, Adventure, Biography, Drama, Adventure, Biography, Drama",7.9,0.0
1525,The Gentlemen,2019,113,"Action, Comedy, Crime, Action, Comedy, Crime, Action, Comedy, Crime",7.8,36.47
574,Ford v Ferrari,2019,152,"Action, Biography, Drama, Action, Biography, Drama, Action, Biography, Drama",8.1,117.62
225,Asuran,2019,141,"Action, Drama, Action, Drama",8.4,0.0
824,Article 15,2019,130,"Crime, Drama, Mystery, Crime, Drama, Mystery, Crime, Drama, Mystery",8.1,0.0
487,Uri: The Surgical Strike,2019,138,"Action, Drama, History, Action, Drama, History, Action, Drama, History",8.2,4.19
1460,Super 30,2019,154,"Biography, Drama, Biography, Drama",7.9,2.27
147,96,2018,158,"Drama, Romance, Drama, Romance",8.5,0.0
1496,Pad Man,2018,140,"Comedy, Drama, Comedy, Drama",7.9,1.66
1128,The Wild Pear Tree,2018,188,Drama,8.0,0.03
1498,Badhaai Ho,2018,124,"Comedy, Drama, Comedy, Drama",7.9,0.0
450,Tumbbad,2018,104,"Drama, Fantasy, Horror, Drama, Fantasy, Horror, Drama, Fantasy, Horror",8.2,0.0
380,Green Book,2018,130,"Biography, Comedy, Drama, Biography, Comedy, Drama, Biography, Comedy, Drama",8.2,85.08
344,Raatchasan,2018,170,"Action, Crime, Drama, Action, Crime, Drama, Action, Crime, Drama",8.3,0.0
176,Avengers: Infinity War,2018,149,"Action, Adventure, Sci-Fi, Action, Adventure, Sci-Fi, Action, Adventure, Sci-Fi",8.4,678.82
526,Rangasthalam 1985,2018,170,"Action, Drama, Action, Drama",8.2,3.51
2381,A Star Is Born,2018,136,"Drama, Music, Romance, Drama, Music, Romance, Drama, Music, Romance",7.6,215.29
2430,Searching,2018,102,"Drama, Mystery, Thriller, Drama, Mystery, Thriller, Drama, Mystery, Thriller",7.6,26.02
1363,Shoplifters,2018,121,"Crime, Drama, Thriller, Crime, Drama, Thriller, Crime, Drama, Thriller",7.9,3.31
2159,Roma,2018,135,Drama,7.7,0.0
1914,Mission: Impossible - Fallout,2018,147,"Action, Adventure, Thriller, Action, Adventure, Thriller, Action, Adventure, Thriller",7.7,220.16
490,Andhadhun,2018,139,"Crime, Mystery, Thriller, Crime, Mystery, Thriller, Crime, Mystery, Thriller",8.2,1.37
1226,Bohemian Rhapsody,2018,134,"Biography, Drama, Music, Biography, Drama, Music, Biography, Drama, Music",7.9,216.43
149,Spider-Man: Into the Spider-Verse,2018,117,"Animation, Action, Adventure, Animation, Action, Adventure, Animation, Action, Adventure",8.4,190.24
1579,Isle of Dogs,2018,101,"Animation, Adventure, Comedy, Animation, Adventure, Comedy, Animation, Adventure, Comedy",7.8,32.02
506,K.G.F: Chapter 1,2018,156,"Action, Crime, Drama, Action, Crime, Drama, Action, Crime, Drama",8.2,0.0
203,Capernaum,2018,126,Drama,8.4,1.66
2352,Deadpool 2,2018,119,"Action, Adventure, Comedy, Action, Adventure, Comedy, Action, Adventure, Comedy",7.6,324.59
1423,A Taxi Driver,2017,137,"Action, Drama, History, Action, Drama, History, Action, Drama, History",7.9,1.53
184,Coco,2017,105,"Animation, Adventure, Drama, Animation, Adventure, Drama, Animation, Adventure, Drama",8.4,209.73
2311,The Breadwinner,2017,94,"Animation, Drama, Family, Animation, Drama, Family, Animation, Drama, Family",7.7,0.31
1266,Wonder,2017,113,"Drama, Family, Drama, Family",7.9,132.42
1823,Loving Vincent,2017,94,"Animation, Drama, Mystery, Animation, Drama, Mystery, Animation, Drama, Mystery",7.8,6.74
582,"Three Billboards Outside Ebbing, Missouri",2017,115,"Comedy, Crime, Drama, Comedy, Crime, Drama, Comedy, Crime, Drama",8.1,54.51
1537,Get Out,2017,104,"Horror, Mystery, Thriller, Horror, Mystery, Thriller, Horror, Mystery, Thriller",7.8,176.04
2337,Guardians of the Galaxy Vol. 2,2017,136,"Action, Adventure, Comedy, Action, Adventure, Comedy, Action, Adventure, Comedy",7.6,389.81
1543,Dunkirk,2017,106,"Action, Drama, History, Action, Drama, History, Action, Drama, History",7.8,188.37
588,Logan,2017,137,"Action, Drama, Sci-Fi, Action, Drama, Sci-Fi, Action, Drama, Sci-Fi",8.1,226.28
1945,Wind River,2017,107,"Crime, Drama, Mystery, Crime, Drama, Mystery, Crime, Drama, Mystery",7.7,33.8
1710,Paddington 2,2017,103,"Adventure, Comedy, Family, Adventure, Comedy, Family, Adventure, Comedy, Family",7.8,40.44
329,Ayla: The Daughter of War,2017,125,"Biography, Drama, History, Biography, Drama, History, Biography, Drama, History",8.3,0.0
1223,Thor: Ragnarok,2017,130,"Action, Adventure, Comedy, Action, Adventure, Comedy, Action, Adventure, Comedy",7.9,315.06
514,Vikram Vedha,2017,147,"Action, Crime, Drama, Action, Crime, Drama, Action, Crime, Drama",8.2,0.0
1906,Hindi Medium,2017,132,"Comedy, Drama, Comedy, Drama",7.8,0.0
868,Blade Runner 2049,2017,164,"Action, Drama, Mystery, Action, Drama, Mystery, Action, Drama, Mystery",8.0,92.05
1533,Call Me by Your Name,2017,132,"Drama, Romance, Drama, Romance",7.8,18.1
475,Baahubali 2: The Conclusion,2017,167,"Action, Drama, Action, Drama",8.2,20.19
1894,My Life as a Zucchini,2016,70,"Animation, Comedy, Drama, Animation, Comedy, Drama, Animation, Comedy, Drama",7.8,0.29
2277,The Salesman,2016,124,"Drama, Thriller, Drama, Thriller",7.7,2.4
986,Lion,2016,118,"Biography, Drama, Biography, Drama",8.0,51.74
2175,Kubo and the Two Strings,2016,101,"Animation, Action, Adventure, Animation, Action, Adventure, Animation, Action, Adventure",7.7,48.02
1573,Rogue One: A Star Wars Story,2016,133,"Action, Adventure, Sci-Fi, Action, Adventure, Sci-Fi, Action, Adventure, Sci-Fi",7.8,532.18
1738,Hunt for the Wilderpeople,2016,101,"Adventure, Comedy, Drama, Adventure, Comedy, Drama, Adventure, Comedy, Drama",7.8,5.2
978,The Invisible Guest,2016,106,"Crime, Drama, Mystery, Crime, Drama, Mystery, Crime, Drama, Mystery",8.0,0.0
1150,M.S. Dhoni: The Untold Story,2016,184,"Biography, Drama, Sport, Biography, Drama, Sport, Biography, Drama, Sport",8.0,1.78
1357,Sing Street,2016,106,"Comedy, Drama, Music, Comedy, Drama, Music, Comedy, Drama, Music",7.9,3.24
585,The Handmaiden,2016,145,"Drama, Romance, Thriller, Drama, Romance, Thriller, Drama, Romance, Thriller",8.1,2.01
881,Deadpool,2016,108,"Action, Comedy, Action, Comedy",8.0,363.07
1188,Arrival,2016,116,"Drama, Mystery, Sci-Fi, Drama, Mystery, Sci-Fi, Drama, Mystery, Sci-Fi",7.9,100.55
671,A Silent Voice: The Movie,2016,130,"Animation, Drama, Animation, Drama",8.1,0.0
2349,Moana,2016,107,"Animation, Adventure, Comedy, Animation, Adventure, Comedy, Animation, Adventure, Comedy",7.6,248.76
193,Your Name.,2016,106,"Animation, Drama, Fantasy, Animation, Drama, Fantasy, Animation, Drama, Fantasy",8.4,5.02
1503,Airlift,2016,130,"Action, Drama, History, Action, Drama, History, Action, Drama, History",7.9,0.0
2393,Hell or High Water,2016,102,"Crime, Drama, Thriller, Crime, Drama, Thriller, Crime, Drama, Thriller",7.6,26.86
548,Hacksaw Ridge,2016,139,"Biography, Drama, History, Biography, Drama, History, Biography, Drama, History",8.1,67.21
309,Dangal,2016,161,"Action, Biography, Drama, Action, Biography, Drama, Action, Biography, Drama",8.3,12.39
837,Pink,2016,136,"Crime, Drama, Thriller, Crime, Drama, Thriller, Crime, Drama, Thriller",8.1,1.24
2254,Perfect Strangers,2016,96,"Comedy, Drama, Comedy, Drama",7.7,0.0
1601,Captain America: Civil War,2016,147,"Action, Sci-Fi, Action, Sci-Fi",7.8,408.08
1844,"I, Daniel Blake",2016,100,Drama,7.8,0.26
1617,Captain Fantastic,2016,118,"Comedy, Drama, Comedy, Drama",7.8,5.88
1634,Manchester by the Sea,2016,137,Drama,7.8,47.7
1556,Hidden Figures,2016,127,"Biography, Drama, History, Biography, Drama, History, Biography, Drama, History",7.8,169.61
891,Zootopia,2016,108,"Animation, Adventure, Comedy, Animation, Adventure, Comedy, Animation, Adventure, Comedy",8.0,341.27
883,La La Land,2016,128,"Comedy, Drama, Music, Comedy, Drama, Music, Comedy, Drama, Music",8.0,151.1
775,Masaan,2015,109,Drama,8.1,0.0
2197,Me and Earl and the Dying Girl,2015,105,"Comedy, Drama, Romance, Comedy, Drama, Romance, Comedy, Drama, Romance",7.7,6.74
911,The Revenant,2015,156,"Action, Adventure, Drama, Action, Adventure, Drama, Action, Adventure, Drama",8.0,183.64
2130,A Man Called Ove,2015,116,"Comedy, Drama, Romance, Comedy, Drama, Romance, Comedy, Drama, Romance",7.7,3.48
2217,Beasts of No Nation,2015,137,"Drama, War, Drama, War",7.7,0.08
2355,Sicario,2015,121,"Action, Crime, Drama, Action, Crime, Drama, Action, Crime, Drama",7.6,46.89
2236,The Little Prince,2015,108,"Animation, Adventure, Drama, Animation, Adventure, Drama, Animation, Adventure, Drama",7.7,1.34
984,Baahubali: The Beginning,2015,159,"Action, Drama, Action, Drama",8.0,6.74
897,The Martian,2015,144,"Adventure, Drama, Sci-Fi, Adventure, Drama, Sci-Fi, Adventure, Drama, Sci-Fi",8.0,228.43
566,Inside Out,2015,95,"Animation, Adventure, Comedy, Animation, Adventure, Comedy, Animation, Adventure, Comedy",8.1,356.46
1548,The Hateful Eight,2015,168,"Crime, Drama, Mystery, Crime, Drama, Mystery, Crime, Drama, Mystery",7.8,54.12
804,Bajrangi Bhaijaan,2015,163,"Action, Adventure, Comedy, Action, Adventure, Comedy, Action, Adventure, Comedy",8.1,8.18
1829,Land of Mine,2015,100,"Drama, History, War, Drama, History, War, Drama, History, War",7.8,0.44
1522,The Big Short,2015,130,"Biography, Comedy, Drama, Biography, Comedy, Drama, Biography, Comedy, Drama",7.8,70.26
1694,Straight Outta Compton,2015,147,"Biography, Drama, History, Biography, Drama, History, Biography, Drama, History",7.8,161.2
1500,Baby,2015,159,"Action, Crime, Thriller, Action, Crime, Thriller, Action, Crime, Thriller",7.9,0.0
1606,Star Wars: Episode VII - The Force Awakens,2015,138,"Action, Adventure, Sci-Fi, Action, Adventure, Sci-Fi, Action, Adventure, Sci-Fi",7.8,936.66
792,Talvar,2015,132,"Crime, Drama, Mystery, Crime, Drama, Mystery, Crime, Drama, Mystery",8.1,0.34
619,Spotlight,2015,129,"Biography, Crime, Drama, Biography, Crime, Drama, Biography, Crime, Drama",8.1,45.06
477,Drishyam,2015,163,"Crime, Drama, Thriller, Crime, Drama, Mystery, Crime, Drama, Thriller, Crime, Drama, Mystery, Crime, Drama, Thriller, Crime, Drama, Mystery, Crime, Drama, Thriller, Crime, Drama, Mystery, Crime, Drama, Thriller, Crime, Drama, Mystery, Crime, Drama, Thriller, Crime, Drama, Mystery",8.2,0.74
542,Mad Max: Fury Road,2015,120,"Action, Adventure, Sci-Fi, Action, Adventure, Sci-Fi, Action, Adventure, Sci-Fi",8.1,154.06
622,Room,2015,118,"Drama, Thriller, Drama, Thriller",8.1,14.68
43,Interstellar,2014,169,"Adventure, Drama, Sci-Fi, Adventure, Drama, Sci-Fi, Adventure, Drama, Sci-Fi",8.7,188.02
1654,Big Hero 6,2014,102,"Animation, Action, Adventure, Animation, Action, Adventure, Animation, Action, Adventure",7.8,222.53
1094,Song of the Sea,2014,93,"Animation, Adventure, Drama, Animation, Adventure, Drama, Animation, Adventure, Drama",8.0,0.86
1688,Pride,2014,119,"Biography, Comedy, Drama, Biography, Comedy, Drama, Biography, Comedy, Drama",7.8,0.0
1332,The Raid 2,2014,150,"Action, Crime, Thriller, Action, Crime, Thriller, Action, Crime, Thriller",7.9,2.63
1210,X-Men: Days of Future Past,2014,132,"Action, Adventure, Sci-Fi, Action, Adventure, Sci-Fi, Action, Adventure, Sci-Fi",7.9,233.92
1200,Edge of Tomorrow,2014,113,"Action, Adventure, Sci-Fi, Action, Adventure, Sci-Fi, Action, Adventure, Sci-Fi",7.9,100.21
2028,The Fault in Our Stars,2014,126,"Drama, Romance, Drama, Romance",7.7,124.87
105,Whiplash,2014,106,"Drama, Music, Drama, Music",8.5,13.09
1713,How to Train Your Dragon 2,2014,102,"Animation, Action, Adventure, Animation, Action, Adventure, Animation, Action, Adventure",7.8,177.0
724,PK,2014,153,"Comedy, Drama, Sci-Fi, Comedy, Drama, Sci-Fi, Comedy, Drama, Sci-Fi",8.1,10.62
2407,What We Do in the Shadows,2014,86,"Comedy, Horror, Comedy, Horror",7.6,3.33
1622,Captain America: The Winter Soldier,2014,136,"Action, Adventure, Sci-Fi, Action, Adventure, Sci-Fi, Action, Adventure, Sci-Fi",7.8,259.77
1986,The Lego Movie,2014,100,"Animation, Action, Adventure, Animation, Action, Adventure, Animation, Action, Adventure",7.7,257.76
1950,Ex Machina,2014,108,"Drama, Sci-Fi, Thriller, Drama, Sci-Fi, Thriller, Drama, Sci-Fi, Thriller",7.7,25.44
1596,Nightcrawler,2014,117,"Crime, Drama, Thriller, Crime, Drama, Thriller, Crime, Drama, Thriller",7.8,32.38
1141,Haider,2014,160,"Action, Crime, Drama, Action, Crime, Drama, Action, Crime, Drama",8.0,0.9
865,Guardians of the Galaxy,2014,121,"Action, Adventure, Comedy, Action, Adventure, Comedy, Action, Adventure, Comedy",8.0,333.18
1006,Mommy,2014,139,Drama,8.0,3.49
1974,Birdman or (The Unexpected Virtue of Ignorance),2014,119,"Comedy, Drama, Comedy, Drama",7.7,42.34
2113,The Theory of Everything,2014,123,"Biography, Drama, Romance, Biography, Drama, Romance, Biography, Drama, Romance",7.7,35.89
657,Wild Tales,2014,122,"Comedy, Drama, Thriller, Comedy, Drama, Thriller, Comedy, Drama, Thriller",8.1,3.11
755,Winter Sleep,2014,196,Drama,8.1,0.17
908,The Imitation Game,2014,114,"Biography, Drama, Thriller, Biography, Drama, Thriller, Biography, Drama, Thriller",8.0,91.13
1920,Kingsman: The Secret Service,2014,129,"Action, Adventure, Comedy, Action, Adventure, Comedy, Action, Adventure, Comedy",7.7,128.26
2466,Dawn of the Planet of the Apes,2014,130,"Action, Adventure, Drama, Action, Adventure, Drama, Action, Adventure, Drama",7.6,208.55
1418,The Way He Looks,2014,96,"Drama, Romance, Drama, Romance",7.9,0.1
534,The Grand Budapest Hotel,2014,99,"Adventure, Comedy, Crime, Adventure, Comedy, Crime, Adventure, Comedy, Crime",8.1,59.1
2225,When Marnie Was There,2014,103,"Animation, Drama, Family, Animation, Drama, Family, Animation, Drama, Family",7.7,0.77
1279,Boyhood,2014,165,Drama,7.9,25.38
551,Gone Girl,2014,149,"Drama, Mystery, Thriller, Drama, Mystery, Thriller, Drama, Mystery, Thriller",8.1,167.77
1943,Blue Is the Warmest Colour,2013,180,"Drama, Romance, Drama, Romance",7.7,2.2
2089,Star Trek Into Darkness,2013,132,"Action, Adventure, Sci-Fi, Action, Adventure, Sci-Fi, Action, Adventure, Sci-Fi",7.7,228.78
1169,Special 26,2013,144,"Crime, Drama, Thriller, Crime, Drama, Thriller, Crime, Drama, Thriller",8.0,1.08
1821,The Lunchbox,2013,104,"Drama, Romance, Drama, Romance",7.8,4.23
1249,Dallas Buyers Club,2013,117,"Biography, Drama, Biography, Drama",7.9,27.3
1559,About Time,2013,123,"Comedy, Drama, Fantasy, Comedy, Drama, Fantasy, Comedy, Drama, Fantasy",7.8,15.32
1090,The Tale of The Princess Kaguya,2013,137,"Animation, Drama, Family, Animation, Drama, Family, Animation, Drama, Family",8.0,1.51
2151,The Great Beauty,2013,141,Drama,7.7,2.85
835,Tangerines,2013,87,"Drama, War, Drama, War",8.1,0.14
1880,"Like Father, Like Son",2013,121,Drama,7.8,0.28
1751,The Best Offer,2013,131,"Crime, Drama, Mystery, Crime, Drama, Mystery, Crime, Drama, Mystery",7.8,0.09
347,Drishyam,2013,160,"Crime, Drama, Thriller, Crime, Drama, Mystery, Crime, Drama, Thriller, Crime, Drama, Mystery, Crime, Drama, Thriller, Crime, Drama, Mystery, Crime, Drama, Thriller, Crime, Drama, Mystery, Crime, Drama, Thriller, Crime, Drama, Mystery, Crime, Drama, Thriller, Crime, Drama, Mystery",8.3,0.0
827,Queen,2013,146,"Adventure, Comedy, Drama, Adventure, Comedy, Drama, Adventure, Comedy, Drama",8.1,1.43
2166,The Wind Rises,2013,126,"Animation, Biography, Drama, Animation, Biography, Drama, Animation, Biography, Drama",7.7,5.21
2316,The Past,2013,130,"Drama, Mystery, Drama, Mystery",7.7,1.33
2224,Nebraska,2013,115,Drama,7.7,17.65
610,12 Years a Slave,2013,134,"Biography, Drama, History, Biography, Drama, History, Biography, Drama, History",8.1,56.67
528,Bhaag Milkha Bhaag,2013,186,"Biography, Drama, Sport, Biography, Drama, Sport, Biography, Drama, Sport",8.2,1.63
2518,Philomena,2013,98,"Biography, Comedy, Drama, Biography, Comedy, Drama, Biography, Comedy, Drama",7.6,37.71
359,The Wolf of Wall Street,2013,180,"Biography, Comedy, Crime, Biography, Comedy, Crime, Biography, Comedy, Crime",8.2,116.9
539,Prisoners,2013,153,"Crime, Drama, Mystery, Crime, Drama, Mystery, Crime, Drama, Mystery",8.1,61.0
888,Her,2013,126,"Drama, Romance, Sci-Fi, Drama, Romance, Sci-Fi, Drama, Romance, Sci-Fi",8.0,25.57
613,Rush,2013,123,"Action, Biography, Drama, Action, Biography, Drama, Action, Biography, Drama",8.1,26.95
2048,Gravity,2013,91,"Drama, Sci-Fi, Thriller, Drama, Sci-Fi, Thriller, Drama, Sci-Fi, Thriller",7.7,274.09
1392,Short Term 12,2013,96,Drama,7.9,1.01
1298,Before Midnight,2013,109,"Drama, Romance, Drama, Romance",7.9,8.11
1625,Captain Phillips,2013,134,"Action, Biography, Crime, Action, Biography, Crime, Action, Biography, Crime",7.8,107.1
1650,The Hobbit: The Desolation of Smaug,2013,161,Fantasy,7.8,258.37
523,Paan Singh Tomar,2012,135,"Action, Biography, Crime, Action, Biography, Crime, Action, Biography, Crime",8.2,0.04
1519,Moonrise Kingdom,2012,94,"Comedy, Drama, Family, Comedy, Drama, Family, Comedy, Drama, Family",7.8,45.51
1937,Silver Linings Playbook,2012,122,"Comedy, Drama, Romance, Comedy, Drama, Romance, Comedy, Drama, Romance",7.7,132.09
2010,Argo,2012,120,"Biography, Drama, Thriller, Biography, Drama, Thriller, Biography, Drama, Thriller",7.7,136.03
2051,Wreck-It Ralph,2012,101,"Animation, Adventure, Comedy, Animation, Adventure, Comedy, Animation, Adventure, Comedy",7.7,189.42
1908,Vicky Donor,2012,126,"Comedy, Romance, Comedy, Romance",7.8,0.17
271,The Hunt,2012,115,Drama,8.3,0.69
2264,The Broken Circle Breakdown,2012,111,"Drama, Music, Romance, Drama, Music, Romance, Drama, Music, Romance",7.7,0.18
2469,End of Watch,2012,109,"Action, Adventure, Crime, Action, Adventure, Crime, Action, Adventure, Crime",7.6,41.0
849,OMG: Oh My God!,2012,125,"Comedy, Drama, Fantasy, Comedy, Drama, Fantasy, Comedy, Drama, Fantasy",8.1,0.92
462,Gangs of Wasseypur,2012,321,"Action, Comedy, Crime, Action, Comedy, Crime, Action, Comedy, Crime",8.2,0.0
1591,The Hobbit: An Unexpected Journey,2012,169,"Adventure, Fantasy, Adventure, Fantasy",7.8,303.0
1900,English Vinglish,2012,134,"Comedy, Drama, Family, Comedy, Drama, Family, Comedy, Drama, Family",7.8,1.67
1203,The Perks of Being a Wallflower,2012,103,Drama,7.9,17.74
1638,Skyfall,2012,143,"Action, Adventure, Thriller, Action, Adventure, Thriller, Action, Adventure, Thriller",7.8,304.36
1415,Amour,2012,127,Drama,7.9,6.74
776,Kahaani,2012,122,"Mystery, Thriller, Mystery, Thriller",8.1,1.04
1263,Life of Pi,2012,127,"Adventure, Drama, Fantasy, Adventure, Drama, Fantasy, Adventure, Drama, Fantasy",7.9,124.99
772,Barfi!,2012,151,"Comedy, Drama, Romance, Comedy, Drama, Romance, Comedy, Drama, Romance",8.1,2.8
764,Wolf Children,2012,117,"Animation, Drama, Family, Animation, Drama, Family, Animation, Drama, Family",8.1,0.0
157,Django Unchained,2012,165,"Drama, Western, Drama, Western",8.4,162.81
173,The Dark Knight Rises,2012,164,"Action, Drama, Thriller, Action, Drama, Thriller, Action, Drama, Thriller",8.4,448.14
879,The Avengers,2012,143,"Action, Sci-Fi, Action, Sci-Fi",8.0,623.28
484,Zindagi Na Milegi Dobara,2011,155,"Comedy, Drama, Musical, Comedy, Drama, Musical, Comedy, Drama, Musical",8.2,3.11
1528,Drive,2011,100,"Action, Drama, Action, Drama",7.8,35.06
1984,X-Men: First Class,2011,131,"Action, Sci-Fi, Action, Sci-Fi",7.7,146.41
2068,Detachment,2011,98,Drama,7.7,0.07
2448,The Skin I Live In,2011,120,"Drama, Horror, Mystery, Drama, Horror, Mystery, Drama, Horror, Mystery",7.6,3.19
1603,The Girl with the Dragon Tattoo,2011,158,"Crime, Drama, Mystery, Crime, Drama, Mystery, Crime, Drama, Mystery, Crime, Drama, Mystery, Crime, Drama, Mystery, Crime, Drama, Mystery, Crime, Drama, Mystery, Crime, Drama, Mystery, Crime, Drama, Mystery, Crime, Drama, Mystery, Crime, Drama, Mystery, Crime, Drama, Mystery",7.8,102.52
564,The Help,2011,146,Drama,8.1,169.71
1866,Once Upon a Time in Anatolia,2011,157,"Crime, Drama, Thriller, Crime, Drama, Thriller, Crime, Drama, Thriller",7.8,0.14
2496,50/50,2011,100,"Comedy, Drama, Romance, Comedy, Drama, Romance, Comedy, Drama, Romance",7.6,35.01
1351,The Artist,2011,100,"Comedy, Drama, Romance, Comedy, Drama, Romance, Comedy, Drama, Romance",7.9,44.67
305,A Separation,2011,123,Drama,8.3,7.1
2372,Moneyball,2011,133,"Biography, Drama, Sport, Biography, Drama, Sport, Biography, Drama, Sport",7.6,75.61
579,Harry Potter and the Deathly Hallows: Part 2,2011,130,"Adventure, Family, Fantasy, Adventure, Family, Fantasy, Adventure, Family, Fantasy",8.1,381.01
2054,Midnight in Paris,2011,94,"Comedy, Fantasy, Romance, Comedy, Fantasy, Romance, Comedy, Fantasy, Romance",7.7,56.82
2442,The Raid: Redemption,2011,101,"Action, Crime, Thriller, Action, Crime, Thriller, Action, Crime, Thriller",7.6,4.11
633,Warrior,2011,140,"Action, Drama, Sport, Action, Drama, Sport, Action, Drama, Sport",8.1,13.66
130,The Intouchables,2011,112,"Biography, Comedy, Drama, Biography, Comedy, Drama, Biography, Comedy, Drama",8.5,13.18
2433,Despicable Me,2010,95,"Animation, Adventure, Comedy, Animation, Adventure, Comedy, Animation, Adventure, Comedy",7.6,251.51
2343,Kick-Ass,2010,117,"Action, Comedy, Crime, Action, Comedy, Crime, Action, Comedy, Crime",7.6,48.07
280,Incendies,2010,131,"Drama, Mystery, Drama, Mystery",8.3,6.86
626,How to Train Your Dragon,2010,98,"Animation, Action, Adventure, Animation, Action, Adventure, Animation, Action, Adventure",8.1,217.58
1429,My Name Is Khan,2010,165,"Adventure, Drama, Romance, Adventure, Drama, Romance, Adventure, Drama, Romance",7.9,4.02
21,Inception,2010,148,"Action, Adventure, Sci-Fi, Action, Adventure, Sci-Fi, Action, Adventure, Sci-Fi",8.8,292.58
277,Toy Story 3,2010,103,"Animation, Adventure, Comedy, Animation, Adventure, Comedy, Animation, Adventure, Comedy",8.3,415.0
2191,The Man from Nowhere,2010,119,"Action, Crime, Drama, Action, Crime, Drama, Action, Crime, Drama",7.7,0.01
2288,Confessions,2010,106,"Drama, Thriller, Drama, Thriller",7.7,0.0
1958,Harry Potter and the Deathly Hallows: Part 1,2010,146,"Adventure, Family, Fantasy, Adventure, Family, Fantasy, Adventure, Family, Fantasy",7.7,295.98
2127,Flipped,2010,90,"Comedy, Drama, Romance, Comedy, Drama, Romance, Comedy, Drama, Romance",7.7,1.75
991,The King's Speech,2010,118,"Biography, Drama, History, Biography, Drama, History, Biography, Drama, History",8.0,138.8
1568,The Social Network,2010,120,"Biography, Drama, Biography, Drama",7.8,96.96
1147,Elite Squad 2: The Enemy Within,2010,115,"Action, Crime, Drama, Action, Crime, Drama, Action, Crime, Drama",8.0,0.1
852,Udaan,2010,134,Drama,8.1,0.01
871,Black Swan,2010,108,"Drama, Thriller, Drama, Thriller",8.0,106.95
1651,I Saw the Devil,2010,144,"Action, Crime, Thriller, Action, Crime, Thriller, Action, Crime, Thriller",7.8,0.13
1697,The Fighter,2010,116,"Action, Biography, Drama, Action, Biography, Drama, Action, Biography, Drama",7.8,93.62
2001,Tangled,2010,100,"Animation, Adventure, Comedy, Animation, Adventure, Comedy, Animation, Adventure, Comedy",7.7,200.82
368,Shutter Island,2010,138,"Mystery, Thriller, Mystery, Thriller",8.2,128.01
2402,True Grit,2010,110,"Drama, Western, Drama, Western",7.6,171.24
206,3 Idiots,2009,170,"Comedy, Drama, Comedy, Drama",8.4,6.53
2004,Coraline,2009,100,"Animation, Drama, Family, Animation, Drama, Family, Animation, Drama, Family",7.7,75.29
246,Up,2009,96,"Animation, Adventure, Comedy, Animation, Adventure, Comedy, Animation, Adventure, Comedy",8.3,293.0
235,Inglourious Basterds,2009,153,"Adventure, Drama, War, Adventure, Drama, War, Adventure, Drama, War",8.3,120.54
1778,Mother,2009,129,"Crime, Drama, Mystery, Crime, Drama, Mystery, Crime, Drama, Mystery",7.8,0.55
2375,The Blind Side,2009,129,"Biography, Drama, Sport, Biography, Drama, Sport, Biography, Drama, Sport",7.6,255.96
1923,The Hangover,2009,100,Comedy,7.7,277.32
1674,Moon,2009,97,"Drama, Mystery, Sci-Fi, Drama, Mystery, Sci-Fi, Drama, Mystery, Sci-Fi",7.8,5.01
2364,Watchmen,2009,162,"Action, Drama, Mystery, Action, Drama, Mystery, Action, Drama, Mystery",7.6,107.51
1716,The Girl with the Dragon Tattoo,2009,152,"Crime, Drama, Mystery, Crime, Drama, Mystery, Crime, Drama, Mystery, Crime, Drama, Mystery, Crime, Drama, Mystery, Crime, Drama, Mystery, Crime, Drama, Mystery, Crime, Drama, Mystery, Crime, Drama, Mystery, Crime, Drama, Mystery, Crime, Drama, Mystery, Crime, Drama, Mystery",7.8,10.1
442,The Secret in Their Eyes,2009,129,"Drama, Mystery, Romance, Drama, Mystery, Romance, Drama, Mystery, Romance",8.2,6.39
1992,Mr. Nobody,2009,141,"Drama, Fantasy, Romance, Drama, Fantasy, Romance, Drama, Fantasy, Romance",7.7,0.0
1182,Avatar,2009,162,"Action, Adventure, Fantasy, Action, Adventure, Fantasy, Action, Adventure, Fantasy",7.9,760.51
1836,The White Ribbon,2009,144,"Drama, Mystery, Thriller, Drama, Mystery, Thriller, Drama, Mystery, Thriller",7.8,2.22
1966,500 Days of Summer,2009,95,"Comedy, Drama, Romance, Comedy, Drama, Romance, Comedy, Drama, Romance",7.7,32.39
651,Hachi: A Dog's Tale,2009,93,"Biography, Drama, Family, Biography, Drama, Family, Biography, Drama, Family",8.1,0.0
713,Mary and Max,2009,92,"Animation, Comedy, Drama, Animation, Comedy, Drama, Animation, Comedy, Drama",8.1,0.0
2529,Cell 211,2009,113,"Action, Crime, Drama, Action, Crime, Drama, Action, Crime, Drama",7.6,0.0
1172,The Breath,2009,128,"Action, Drama, Thriller, Action, Drama, Thriller, Action, Drama, Thriller",8.0,0.0
1260,District 9,2009,112,"Action, Sci-Fi, Thriller, Action, Sci-Fi, Thriller, Action, Sci-Fi, Thriller",7.9,115.65
1216,Star Trek,2009,127,"Action, Adventure, Sci-Fi, Action, Adventure, Sci-Fi, Action, Adventure, Sci-Fi",7.9,257.73
1191,Fantastic Mr. Fox,2009,87,"Animation, Adventure, Comedy, Animation, Adventure, Comedy, Animation, Adventure, Comedy",7.9,21.0
1842,A Prophet,2009,155,"Crime, Drama, Crime, Drama",7.8,2.08
1344,About Elly,2009,119,"Drama, Mystery, Drama, Mystery",7.9,0.11
1486,Dev.D,2009,144,"Comedy, Drama, Romance, Comedy, Drama, Romance, Comedy, Drama, Romance",7.9,0.01
1576,The Curious Case of Benjamin Button,2008,166,"Drama, Fantasy, Romance, Drama, Fantasy, Romance, Drama, Fantasy, Romance",7.8,127.51
1326,The Wrestler,2008,109,"Drama, Sport, Thriller, Drama, Sport, Thriller, Drama, Sport, Thriller",7.9,26.24
1240,In Bruges,2008,107,"Comedy, Crime, Drama, Comedy, Crime, Drama, Comedy, Crime, Drama",7.9,7.76
1127,Departures,2008,130,Drama,8.0,1.5
969,Slumdog Millionaire,2008,120,"Crime, Drama, Romance, Crime, Drama, Romance, Crime, Drama, Romance",8.0,141.32
1794,The Chaser,2008,125,"Action, Crime, Drama, Action, Crime, Drama, Action, Crime, Drama",7.8,0.0
632,Gran Torino,2008,116,Drama,8.1,148.1
1735,Changeling,2008,141,"Biography, Crime, Drama, Biography, Crime, Drama, Biography, Crime, Drama",7.8,35.74
190,WALL·E,2008,98,"Animation, Adventure, Family, Animation, Adventure, Family, Animation, Adventure, Family",8.4,223.81
812,A Wednesday,2008,104,"Action, Crime, Drama, Action, Crime, Drama, Action, Crime, Drama",8.1,0.0
2279,Frost/Nixon,2008,122,"Biography, Drama, History, Biography, Drama, History, Biography, Drama, History",7.7,18.59
1320,Let the Right One In,2008,114,"Drama, Fantasy, Horror, Drama, Fantasy, Horror, Drama, Fantasy, Horror",7.9,2.12
1641,Taken,2008,90,"Action, Crime, Thriller, Action, Crime, Thriller, Action, Crime, Thriller",7.8,145.0
996,Ip Man,2008,106,"Action, Biography, Drama, Action, Biography, Drama, Action, Biography, Drama",8.0,0.0
2396,Kung Fu Panda,2008,92,"Animation, Action, Adventure, Animation, Action, Adventure, Animation, Action, Adventure",7.6,215.43
1194,Iron Man,2008,126,"Action, Adventure, Sci-Fi, Action, Adventure, Sci-Fi, Action, Adventure, Sci-Fi",7.9,318.41
2445,Ponyo,2008,101,"Animation, Adventure, Comedy, Animation, Adventure, Comedy, Animation, Adventure, Comedy",7.6,15.09
3,The Dark Knight,2008,152,"Action, Crime, Drama, Action, Crime, Drama, Action, Crime, Drama",9.0,534.86
2092,The Boy in the Striped Pajamas,2008,94,"Drama, War, Drama, War",7.7,9.03
1110,Persepolis,2007,96,"Animation, Biography, Drama, Animation, Biography, Drama, Animation, Biography, Drama",8.0,4.45
2325,The Edge of Heaven,2007,122,Drama,7.7,0.74
999,The Bourne Ultimatum,2007,115,"Action, Mystery, Thriller, Action, Mystery, Thriller, Action, Mystery, Thriller",8.0,227.47
1295,The Man from Earth,2007,87,"Drama, Fantasy, Mystery, Drama, Fantasy, Mystery, Drama, Fantasy, Mystery",7.9,0.0
1769,Once,2007,86,"Drama, Music, Romance, Drama, Music, Romance, Drama, Music, Romance",7.8,9.44
1530,Hot Fuzz,2007,121,"Action, Comedy, Mystery, Action, Comedy, Mystery, Action, Comedy, Mystery",7.8,23.64
1961,3:10 to Yuma,2007,122,"Action, Crime, Drama, Action, Crime, Drama, Action, Crime, Drama",7.7,53.61
1100,The Diving Bell and the Butterfly,2007,112,"Biography, Drama, Biography, Drama",8.0,5.99
1940,Zodiac,2007,157,"Crime, Drama, Mystery, Crime, Drama, Mystery, Crime, Drama, Mystery",7.7,33.08
2521,Control,2007,122,"Biography, Drama, Music, Biography, Drama, Music, Biography, Drama, Music",7.6,0.87
604,Into the Wild,2007,148,"Adventure, Biography, Drama, Adventure, Biography, Drama, Adventure, Biography, Drama",8.1,18.35
795,Let's Go! India,2007,153,"Drama, Family, Sport, Drama, Family, Sport, Drama, Family, Sport",8.1,1.11
571,Ratatouille,2007,111,"Animation, Adventure, Comedy, Animation, Adventure, Comedy, Animation, Adventure, Comedy",8.1,206.45
1470,"4 Months, 3 Weeks and 2 Days",2007,113,Drama,7.9,1.19
2460,Gone Baby Gone,2007,114,"Crime, Drama, Mystery, Crime, Drama, Mystery, Crime, Drama, Mystery",7.6,20.3
1585,Atonement,2007,123,"Drama, Mystery, Romance, Drama, Mystery, Romance, Drama, Mystery, Romance",7.8,50.93
1471,Jab We Met,2007,138,"Comedy, Drama, Romance, Comedy, Drama, Romance, Comedy, Drama, Romance",7.9,0.41
1085,Elite Squad,2007,115,"Action, Crime, Drama, Action, Crime, Drama, Action, Crime, Drama",8.0,0.01
1593,American Gangster,2007,157,"Biography, Crime, Drama, Biography, Crime, Drama, Biography, Crime, Drama",7.8,130.16
2378,Stardust,2007,127,"Adventure, Family, Fantasy, Adventure, Family, Fantasy, Adventure, Family, Fantasy",7.6,38.63
2427,Eastern Promises,2007,100,"Crime, Drama, Thriller, Crime, Drama, Thriller, Crime, Drama, Thriller",7.6,17.11
2348,Superbad,2007,113,Comedy,7.6,121.46
365,No Country for Old Men,2007,122,"Crime, Drama, Thriller, Crime, Drama, Thriller, Crime, Drama, Thriller",8.2,74.28
358,There Will Be Blood,2007,158,Drama,8.2,40.22
323,Like Stars on Earth,2007,165,"Drama, Family, Drama, Family",8.3,1.22
2508,United 93,2006,111,"Action, Drama, History, Action, Drama, History, Action, Drama, History",7.6,31.57
95,The Departed,2006,151,"Crime, Drama, Thriller, Crime, Drama, Thriller, Crime, Drama, Thriller",8.5,132.38
1582,Apocalypto,2006,139,"Action, Adventure, Drama, Action, Adventure, Drama, Action, Adventure, Drama",7.8,50.87
2502,The Last King of Scotland,2006,123,"Biography, Drama, History, Biography, Drama, History, Biography, Drama, History",7.6,17.61
900,Casino Royale,2006,144,"Action, Adventure, Thriller, Action, Adventure, Thriller, Action, Adventure, Thriller",8.0,167.45
1166,"Carry On, Munna Bhai",2006,144,"Comedy, Drama, Romance, Comedy, Drama, Romance, Comedy, Drama, Romance",8.0,2.22
428,Pan's Labyrinth,2006,118,"Drama, Fantasy, War, Drama, Fantasy, War, Drama, Fantasy, War",8.2,37.63
799,Rang De Basanti,2006,167,"Comedy, Crime, Drama, Comedy, Crime, Drama, Comedy, Crime, Drama",8.1,2.2
1609,Little Miss Sunshine,2006,101,"Comedy, Drama, Comedy, Drama",7.8,59.89
2096,Lucky Number Slevin,2006,110,"Crime, Drama, Thriller, Crime, Drama, Thriller, Crime, Drama, Thriller",7.7,22.49
1691,The Fall,2006,117,"Adventure, Drama, Fantasy, Adventure, Drama, Fantasy, Adventure, Drama, Fantasy",7.8,2.28
1781,Letters from Iwo Jima,2006,141,"Action, Adventure, Drama, Action, Adventure, Drama, Action, Adventure, Drama",7.8,13.76
954,The Pursuit of Happyness,2006,117,"Biography, Drama, Biography, Drama",8.0,163.57
2358,300,2006,117,"Action, Drama, Action, Drama",7.6,210.61
2390,Inside Man,2006,129,"Crime, Drama, Mystery, Crime, Drama, Mystery, Crime, Drama, Mystery",7.6,88.51
923,Blood Diamond,2006,143,"Adventure, Drama, Thriller, Adventure, Drama, Thriller, Adventure, Drama, Thriller",8.0,57.37
1243,Children of Men,2006,109,"Action, Drama, Sci-Fi, Action, Drama, Sci-Fi, Action, Drama, Sci-Fi",7.9,35.55
2298,The Girl Who Leapt Through Time,2006,98,"Animation, Adventure, Comedy, Animation, Adventure, Comedy, Animation, Adventure, Comedy",7.7,0.0
2139,This Is England,2006,101,"Crime, Drama, Crime, Drama",7.7,0.33
198,The Lives of Others,2006,137,"Drama, Mystery, Thriller, Drama, Mystery, Thriller, Drama, Mystery, Thriller",8.4,11.29
107,The Prestige,2006,130,"Drama, Mystery, Sci-Fi, Drama, Mystery, Sci-Fi, Drama, Mystery, Sci-Fi",8.5,53.09
2172,Paprika,2006,90,"Animation, Drama, Fantasy, Animation, Drama, Fantasy, Animation, Drama, Fantasy",7.7,0.88
2309,After the Wedding,2006,120,Drama,7.7,0.41
2194,Black Book,2006,145,"Drama, Thriller, War, Drama, Thriller, War, Drama, Thriller, War",7.7,4.4
1924,Harry Potter and the Goblet of Fire,2005,157,"Adventure, Family, Fantasy, Adventure, Family, Fantasy, Adventure, Family, Fantasy",7.7,290.01
2399,Star Wars: Episode III - Revenge of the Sith,2005,140,"Action, Adventure, Fantasy, Action, Adventure, Fantasy, Action, Adventure, Fantasy",7.6,380.26
1683,Walk the Line,2005,136,"Biography, Drama, Music, Biography, Drama, Music, Biography, Drama, Music",7.8,119.52
372,Batman Begins,2005,140,"Action, Crime, Drama, Action, Crime, Drama, Action, Crime, Drama",8.2,206.85
1455,C.R.A.Z.Y.,2005,129,"Comedy, Drama, Comedy, Drama",7.9,0.0
1680,Serenity,2005,119,"Action, Adventure, Sci-Fi, Action, Adventure, Sci-Fi, Action, Adventure, Sci-Fi",7.8,25.51
1038,Cinderella Man,2005,144,"Biography, Drama, Romance, Biography, Drama, Romance, Biography, Drama, Romance",8.0,61.65
2472,Match Point,2005,124,"Drama, Romance, Thriller, Drama, Romance, Thriller, Drama, Romance, Thriller",7.6,23.09
906,Sin City,2005,124,"Crime, Thriller, Crime, Thriller",8.0,74.1
1964,Brokeback Mountain,2005,134,"Drama, Romance, Drama, Romance",7.7,83.04
1826,The World's Fastest Indian,2005,127,"Biography, Drama, Sport, Biography, Drama, Sport, Biography, Drama, Sport",7.8,5.13
425,V for Vendetta,2005,132,"Action, Drama, Sci-Fi, Action, Drama, Sci-Fi, Action, Drama, Sci-Fi",8.2,70.51
512,My Father and My Son,2005,112,"Drama, Family, Drama, Family",8.2,0.0
1546,Pride & Prejudice,2005,129,"Drama, Romance, Drama, Romance",7.8,38.41
2295,Adam's Apples,2005,94,"Comedy, Crime, Drama, Comedy, Crime, Drama, Comedy, Crime, Drama",7.7,0.0
853,Black,2005,122,Drama,8.1,0.73
1416,Head-On,2004,121,"Drama, Romance, Drama, Romance",7.9,0.0
637,Million Dollar Baby,2004,132,"Drama, Sport, Drama, Sport",8.1,100.49
416,Downfall,2004,156,"Biography, Drama, History, Biography, Drama, History, Biography, Drama, History",8.2,5.51
1432,3-Iron,2004,88,"Crime, Drama, Romance, Crime, Drama, Romance, Crime, Drama, Romance",7.9,0.24
258,Eternal Sunshine of the Spotless Mind,2004,108,"Drama, Romance, Sci-Fi, Drama, Romance, Sci-Fi, Drama, Romance, Sci-Fi",8.3,34.4
2211,Finding Neverland,2004,106,"Biography, Drama, Family, Biography, Drama, Family, Biography, Drama, Family",7.7,51.68
388,Howl's Moving Castle,2004,119,"Animation, Adventure, Family, Animation, Adventure, Family, Animation, Adventure, Family",8.2,4.71
649,Before Sunset,2004,80,"Drama, Romance, Drama, Romance",8.1,5.82
1877,The Chorus,2004,97,"Comedy, Drama, Music, Comedy, Drama, Music, Comedy, Drama, Music",7.8,3.64
2267,The Motorcycle Diaries,2004,126,"Adventure, Biography, Drama, Adventure, Biography, Drama, Adventure, Biography, Drama",7.7,16.78
2065,Kung Fu Hustle,2004,99,"Action, Comedy, Fantasy, Action, Comedy, Fantasy, Action, Comedy, Fantasy",7.7,17.11
1535,The Notebook,2004,123,"Drama, Romance, Drama, Romance",7.8,81.0
1888,Veer Zaara,2004,192,"Drama, Family, Musical, Drama, Family, Musical, Drama, Family, Musical",7.8,2.92
2046,The Machinist,2004,101,"Drama, Thriller, Drama, Thriller",7.7,1.08
2133,The Bourne Supremacy,2004,108,"Action, Mystery, Thriller, Action, Mystery, Thriller, Action, Mystery, Thriller",7.7,176.24
520,Swades,2004,189,"Drama, Musical, Drama, Musical",8.2,1.22
876,The Incredibles,2004,115,"Animation, Action, Adventure, Animation, Action, Adventure, Animation, Action, Adventure",8.0,261.44
1232,Shaun of the Dead,2004,99,"Comedy, Horror, Comedy, Horror",7.9,13.54
1978,Man on Fire,2004,146,"Action, Crime, Drama, Action, Crime, Drama, Action, Crime, Drama",7.7,77.91
1108,The Sea Inside,2004,126,"Biography, Drama, Biography, Drama",8.0,2.09
1159,G.O.R.A.,2004,127,"Adventure, Comedy, Sci-Fi, Adventure, Comedy, Sci-Fi, Adventure, Comedy, Sci-Fi",8.0,0.0
1153,Tae Guk Gi: The Brotherhood of War,2004,140,"Action, Drama, War, Action, Drama, War, Action, Drama, War",8.0,1.11
2524,A Very Long Engagement,2004,133,"Drama, Mystery, Romance, Drama, Mystery, Romance, Drama, Mystery, Romance",7.6,6.17
676,Hotel Rwanda,2004,121,"Biography, Drama, History, Biography, Drama, History, Biography, Drama, History",8.1,23.53
1093,Nobody Knows,2004,141,Drama,8.0,0.68
2384,Saw,2004,103,"Horror, Mystery, Thriller, Horror, Mystery, Thriller, Horror, Mystery, Thriller",7.6,56.0
1213,Harry Potter and the Prisoner of Azkaban,2004,142,"Adventure, Family, Fantasy, Adventure, Family, Fantasy, Adventure, Family, Fantasy",7.9,249.36
2404,The Butterfly Effect,2004,113,"Drama, Sci-Fi, Thriller, Drama, Sci-Fi, Thriller, Drama, Sci-Fi, Thriller",7.6,57.94
959,Kill Bill: Vol. 2,2004,137,"Action, Crime, Thriller, Action, Crime, Thriller, Action, Crime, Thriller",8.0,66.21
2163,Ray,2004,152,"Biography, Drama, Music, Biography, Drama, Music, Biography, Drama, Music",7.7,75.33
2057,Crash,2004,112,"Crime, Drama, Thriller, Crime, Drama, Thriller, Crime, Drama, Thriller",7.7,54.58
1494,The Return,2003,110,Drama,7.9,0.5
1251,Mystic River,2003,138,"Crime, Drama, Mystery, Crime, Drama, Mystery, Crime, Drama, Mystery",7.9,90.14
1599,The Last Samurai,2003,154,"Action, Drama, Action, Drama",7.8,111.11
170,Oldboy,2003,120,"Action, Drama, Mystery, Action, Drama, Mystery, Action, Drama, Mystery",8.4,0.71
937,Big Fish,2003,125,"Adventure, Drama, Fantasy, Adventure, Drama, Fantasy, Adventure, Drama, Fantasy",8.0,66.26
1436,Kal Ho Naa Ho,2003,186,"Comedy, Drama, Musical, Comedy, Drama, Musical, Comedy, Drama, Musical",7.9,1.79
2282,The Triplets of Belleville,2003,80,"Animation, Adventure, Comedy, Animation, Adventure, Comedy, Animation, Adventure, Comedy",7.7,7.0
975,Dogville,2003,178,"Crime, Drama, Crime, Drama",8.0,1.53
2294,Evil,2003,113,Drama,7.7,0.02
2256,Good Bye Lenin!,2003,121,"Comedy, Drama, Romance, Comedy, Drama, Romance, Comedy, Drama, Romance",7.7,4.06
2505,21 Grams,2003,124,"Crime, Drama, Thriller, Crime, Drama, Thriller, Crime, Drama, Thriller",7.6,16.29
1885,Tokyo Godfathers,2003,92,"Animation, Adventure, Comedy, Animation, Adventure, Comedy, Animation, Adventure, Comedy",7.8,0.13
607,Memories of Murder,2003,132,"Crime, Drama, Mystery, Crime, Drama, Mystery, Crime, Drama, Mystery",8.1,0.01
393,Finding Nemo,2003,100,"Animation, Adventure, Comedy, Animation, Adventure, Comedy, Animation, Adventure, Comedy",8.2,380.84
13,The Lord of the Rings: The Return of the King,2003,201,"Action, Adventure, Drama, Action, Adventure, Drama, Action, Adventure, Drama",9.0,377.85
1948,Lost in Translation,2003,102,"Comedy, Drama, Comedy, Drama",7.7,44.59
833,Munna Bhai M.B.B.S.,2003,156,"Comedy, Drama, Comedy, Drama",8.1,0.0
1136,"Spring, Summer, Fall, Winter... and Spring",2003,103,"Drama, Romance, Drama, Romance",8.0,2.38
545,Pirates of the Caribbean: The Curse of the Black Pearl,2003,143,"Action, Adventure, Fantasy, Action, Adventure, Fantasy, Action, Adventure, Fantasy",8.1,305.41
396,Kill Bill: Vol. 1,2003,111,"Action, Crime, Thriller, Action, Crime, Thriller, Action, Crime, Thriller",8.2,70.1
76,City of God,2002,130,"Crime, Drama, Crime, Drama",8.6,7.56
32,The Lord of the Rings: The Two Towers,2002,179,"Action, Adventure, Drama, Action, Adventure, Drama, Action, Adventure, Drama",8.8,342.55
124,The Pianist,2002,150,"Biography, Drama, Music, Biography, Drama, Music, Biography, Drama, Music",8.5,32.57
561,Catch Me If You Can,2002,141,"Biography, Crime, Drama, Biography, Crime, Drama, Biography, Crime, Drama",8.1,164.62
1056,Infernal Affairs,2002,101,"Action, Crime, Drama, Action, Crime, Drama, Action, Crime, Drama",8.0,0.17
2125,Adaptation.,2002,115,"Comedy, Drama, Comedy, Drama",7.7,22.25
1254,The Bourne Identity,2002,119,"Action, Mystery, Thriller, Action, Mystery, Thriller, Action, Mystery, Thriller",7.9,121.66
2305,In America,2002,105,Drama,7.7,15.54
1819,Lilya 4-Ever,2002,109,"Crime, Drama, Crime, Drama",7.8,0.18
2043,Road to Perdition,2002,117,"Crime, Drama, Thriller, Crime, Drama, Thriller, Crime, Drama, Thriller",7.7,104.45
2409,Minority Report,2002,145,"Action, Crime, Mystery, Action, Crime, Mystery, Action, Crime, Mystery",7.6,132.07
1408,Talk to Her,2002,112,"Drama, Mystery, Romance, Drama, Mystery, Romance, Drama, Mystery, Romance",7.9,9.36
2511,25th Hour,2002,135,Drama,7.6,13.06
1354,Hero,2002,120,"Action, Adventure, Drama, Action, Adventure, Drama, Action, Adventure, Drama",7.9,53.71
2310,The Magdalene Sisters,2002,114,Drama,7.7,4.89
2021,The Count of Monte Cristo,2002,131,"Action, Adventure, Drama, Action, Adventure, Drama, Action, Adventure, Drama",7.7,54.23
2329,Harry Potter and the Sorcerer's Stone,2001,152,"Adventure, Family, Fantasy, Adventure, Family, Fantasy, Adventure, Family, Fantasy",7.6,317.58
2487,I Am Sam,2001,132,Drama,7.6,40.31
1932,Black Hawk Down,2001,144,"Action, Drama, History, Action, Drama, History, Action, Drama, History",7.7,108.64
1491,No Man's Land,2001,98,"Comedy, Drama, War, Comedy, Drama, War, Comedy, Drama, War",7.9,1.06
1102,My Sassy Girl,2001,137,"Comedy, Drama, Romance, Comedy, Drama, Romance, Comedy, Drama, Romance",8.0,0.0
2346,The Royal Tenenbaums,2001,110,"Comedy, Drama, Comedy, Drama",7.6,52.36
894,Donnie Darko,2001,113,"Drama, Mystery, Sci-Fi, Drama, Mystery, Sci-Fi, Drama, Mystery, Sci-Fi",8.0,1.48
2301,The Experiment,2001,120,"Drama, Thriller, Drama, Thriller",7.7,0.14
1853,Cowboy Bebop: The Movie,2001,115,"Animation, Action, Crime, Animation, Action, Crime, Animation, Action, Crime",7.8,1.0
24,The Lord of the Rings: The Fellowship of the Ring,2001,178,"Action, Adventure, Drama, Action, Adventure, Drama, Action, Adventure, Drama",8.8,315.54
1891,Millennium Actress,2001,87,"Animation, Drama, Fantasy, Animation, Drama, Fantasy, Animation, Drama, Fantasy",7.8,0.19
2024,Training Day,2001,122,"Action, Crime, Drama, Action, Crime, Drama, Action, Crime, Drama",7.7,76.63
1935,Ocean's Eleven,2001,116,"Crime, Thriller, Crime, Thriller",7.7,183.42
73,Spirited Away,2001,125,"Animation, Adventure, Family, Animation, Adventure, Family, Animation, Adventure, Family",8.6,10.06
1237,Shrek,2001,90,"Animation, Adventure, Comedy, Animation, Adventure, Comedy, Animation, Adventure, Comedy",7.9,267.67
594,"Monsters, Inc.",2001,92,"Animation, Adventure, Comedy, Animation, Adventure, Comedy, Animation, Adventure, Comedy",8.1,289.92
1953,And Your Mother Too,2001,106,Drama,7.7,13.62
1175,Vizontele,2001,110,"Comedy, Drama, Comedy, Drama",8.0,0.0
2387,The Others,2001,104,"Horror, Mystery, Thriller, Horror, Mystery, Thriller, Horror, Mystery, Thriller",7.6,96.52
275,Amélie,2001,122,"Comedy, Romance, Comedy, Romance",8.3,33.23
2245,Hedwig and the Angry Inch,2001,95,"Comedy, Drama, Music, Comedy, Drama, Music, Comedy, Drama, Music",7.7,3.03
1204,Mulholland Drive,2001,147,"Drama, Mystery, Thriller, Drama, Mystery, Thriller, Drama, Mystery, Thriller",7.9,7.22
402,A Beautiful Mind,2001,135,"Biography, Drama, Biography, Drama",8.2,170.74
2230,Waking Life,2001,99,"Animation, Drama, Fantasy, Animation, Drama, Fantasy, Animation, Drama, Fantasy",7.7,2.89
769,Dil Chahta Hai,2001,183,"Comedy, Drama, Romance, Comedy, Drama, Romance, Comedy, Drama, Romance",8.1,0.3
746,Lagaan: Once Upon a Time in India,2001,224,"Drama, Musical, Sport, Drama, Musical, Sport, Drama, Musical, Sport",8.1,0.07
744,Yi Yi: A One and a Two...,2000,173,"Drama, Romance, Drama, Romance",8.1,1.14
386,Snatch,2000,102,"Comedy, Crime, Comedy, Crime",8.2,30.33
645,In the Mood for Love,2000,98,"Drama, Romance, Drama, Romance",8.1,2.73
692,Amores Perros,2000,154,"Drama, Thriller, Drama, Thriller",8.1,5.38
1474,Nine Queens,2000,114,"Crime, Drama, Thriller, Crime, Drama, Thriller, Crime, Drama, Thriller",7.9,1.22
840,Hera Pheri,2000,156,"Action, Comedy, Crime, Action, Comedy, Crime, Action, Comedy, Crime",8.1,0.0
1644,Cast Away,2000,143,"Adventure, Drama, Romance, Adventure, Drama, Romance, Adventure, Drama, Romance",7.8,233.63
2033,"O Brother, Where Art Thou?",2000,107,"Adventure, Comedy, Crime, Adventure, Comedy, Crime, Adventure, Comedy, Crime",7.7,45.51
2149,Billy Elliot,2000,110,"Drama, Music, Drama, Music",7.7,22.0
240,Requiem for a Dream,2000,102,Drama,8.3,3.64
2251,Joint Security Area,2000,110,"Action, Drama, Thriller, Action, Drama, Thriller, Action, Drama, Thriller",7.7,0.0
1628,Remember the Titans,2000,113,"Biography, Drama, Sport, Biography, Drama, Sport, Biography, Drama, Sport",7.8,115.65
100,Gladiator,2000,155,"Action, Adventure, Drama, Action, Adventure, Drama, Action, Adventure, Drama",8.5,187.71
179,Memento,2000,113,"Mystery, Thriller, Mystery, Thriller",8.4,25.54
1312,"Crouching Tiger, Hidden Dragon",2000,120,"Action, Adventure, Drama, Action, Adventure, Drama, Action, Adventure, Drama",7.9,128.08
1220,Almost Famous,2000,122,"Adventure, Comedy, Drama, Adventure, Comedy, Drama, Adventure, Comedy, Drama",7.9,32.53
2334,American Psycho,2000,102,"Crime, Drama, Horror, Crime, Drama, Horror, Crime, Drama, Horror",7.6,15.07
1366,Dancer in the Dark,2000,140,"Crime, Drama, Musical, Crime, Drama, Musical, Crime, Drama, Musical",7.9,4.18
1726,The Insider,1999,157,"Biography, Drama, Thriller, Biography, Drama, Thriller, Biography, Drama, Thriller",7.8,28.97
830,Sarfarosh,1999,174,"Action, Drama, Thriller, Action, Drama, Thriller, Action, Drama, Thriller",8.1,0.0
57,The Green Mile,1999,189,"Crime, Drama, Fantasy, Crime, Drama, Fantasy, Crime, Drama, Fantasy",8.6,136.8
950,Magnolia,1999,188,Drama,8.0,22.46
1051,The Straight Story,1999,112,"Biography, Drama, Biography, Drama",8.0,6.2
49,The Matrix,1999,136,"Action, Sci-Fi, Action, Sci-Fi",8.7,171.48
2152,"South Park: Bigger, Longer & Uncut",1999,81,"Animation, Comedy, Fantasy, Animation, Comedy, Fantasy, Animation, Comedy, Fantasy",7.7,52.04
243,American Beauty,1999,122,Drama,8.3,130.1
2119,Being John Malkovich,1999,113,"Comedy, Drama, Fantasy, Comedy, Drama, Fantasy, Comedy, Drama, Fantasy",7.7,22.86
404,The Sixth Sense,1999,107,"Drama, Mystery, Thriller, Drama, Mystery, Thriller, Drama, Mystery, Thriller",8.2,293.51
1273,Toy Story 2,1999,92,"Animation, Adventure, Comedy, Animation, Adventure, Comedy, Animation, Adventure, Comedy",7.9,245.85
27,Fight Club,1999,139,Drama,8.8,37.03
1764,October Sky,1999,108,"Biography, Drama, Family, Biography, Drama, Family, Biography, Drama, Family",7.8,32.48
660,The Iron Giant,1999,86,"Animation, Action, Adventure, Animation, Action, Adventure, Animation, Action, Adventure",8.1,23.16
2087,The Boondock Saints,1999,108,"Action, Thriller, Action, Thriller",7.7,0.03
2363,Office Space,1999,89,Comedy,7.6,10.82
1772,All About My Mother,1999,101,"Comedy, Drama, Romance, Comedy, Drama, Romance, Comedy, Drama, Romance",7.8,8.26
116,American History X,1998,119,"Crime, Drama, Crime, Drama",8.5,6.72
2412,Mulan,1998,87,"Animation, Adventure, Comedy, Animation, Adventure, Comedy, Animation, Adventure, Comedy",7.6,120.62
1115,"Black Cat, White Cat",1998,127,"Comedy, Crime, Romance, Comedy, Crime, Romance, Comedy, Crime, Romance",8.0,0.35
1135,Central Station,1998,110,Drama,8.0,5.6
2360,Rushmore,1998,93,"Comedy, Drama, Romance, Comedy, Drama, Romance, Comedy, Drama, Romance",7.6,17.11
723,The Celebration,1998,105,Drama,8.1,1.65
68,Saving Private Ryan,1998,169,"Drama, War, Drama, War",8.6,216.54
2418,The Thin Red Line,1998,170,"Drama, History, War, Drama, History, War, Drama, History, War",7.6,36.4
854,Everything's Gonna Be Great,1998,107,"Comedy, Drama, Thriller, Comedy, Drama, Thriller, Comedy, Drama, Thriller",8.1,0.0
629,"Lock, Stock and Two Smoking Barrels",1998,107,"Action, Comedy, Crime, Action, Comedy, Crime, Action, Comedy, Crime",8.1,3.9
2421,Dark City,1998,100,"Fantasy, Mystery, Sci-Fi, Fantasy, Mystery, Sci-Fi, Fantasy, Mystery, Sci-Fi",7.6,14.38
2082,Happiness,1998,134,"Comedy, Drama, Comedy, Drama",7.7,2.81
559,The Big Lebowski,1998,117,"Comedy, Crime, Comedy, Crime",8.1,17.5
2188,Run Lola Run,1998,80,"Action, Crime, Thriller, Action, Crime, Thriller, Action, Crime, Thriller",7.7,7.27
375,The Truman Show,1998,103,"Comedy, Drama, Comedy, Drama",8.2,125.62
1041,The Legend of 1900,1998,169,"Drama, Music, Romance, Drama, Music, Romance, Drama, Music, Romance",8.0,0.26
493,Children of Heaven,1997,89,"Drama, Family, Sport, Drama, Family, Sport, Drama, Family, Sport",8.2,0.93
244,Good Will Hunting,1997,126,"Drama, Romance, Drama, Romance",8.3,138.43
78,Life Is Beautiful,1997,116,"Comedy, Drama, Romance, Comedy, Drama, Romance, Comedy, Drama, Romance",8.6,57.6
2079,As Good as It Gets,1997,139,"Comedy, Drama, Romance, Comedy, Drama, Romance, Comedy, Drama, Romance",7.7,148.48
2340,The Fifth Element,1997,126,"Action, Adventure, Sci-Fi, Action, Adventure, Sci-Fi, Action, Adventure, Sci-Fi",7.6,63.54
2306,Fireworks,1997,103,"Crime, Drama, Romance, Crime, Drama, Romance, Crime, Drama, Romance",7.7,0.23
1903,Knockin' on Heaven's Door,1997,87,"Action, Crime, Comedy, Action, Crime, Comedy, Action, Crime, Comedy",7.8,0.0
972,Perfect Blue,1997,81,"Animation, Crime, Drama, Animation, Crime, Drama, Animation, Crime, Drama",8.0,0.78
2276,Taste of Cherry,1997,95,Drama,7.7,0.31
399,L.A. Confidential,1997,138,"Crime, Drama, Mystery, Crime, Drama, Mystery, Crime, Drama, Mystery",8.2,64.62
2069,Donnie Brasco,1997,127,"Biography, Crime, Drama, Biography, Crime, Drama, Biography, Crime, Drama",7.7,41.91
1219,Boogie Nights,1997,155,Drama,7.9,26.4
1998,The Game,1997,129,"Drama, Mystery, Thriller, Drama, Mystery, Thriller, Drama, Mystery, Thriller",7.7,48.32
1180,Titanic,1997,194,"Drama, Romance, Drama, Romance",7.9,659.33
2200,Open Your Eyes,1997,119,"Drama, Mystery, Sci-Fi, Drama, Mystery, Sci-Fi, Drama, Mystery, Sci-Fi",7.7,0.37
701,Neon Genesis Evangelion: The End of Evangelion,1997,87,"Animation, Action, Drama, Animation, Action, Drama, Animation, Action, Drama",8.1,0.0
1668,Gattaca,1997,106,"Drama, Sci-Fi, Thriller, Drama, Sci-Fi, Thriller, Drama, Sci-Fi, Thriller",7.8,12.34
2228,Happy Together,1997,96,"Drama, Romance, Drama, Romance",7.7,0.19
285,Princess Mononoke,1997,134,"Animation, Action, Adventure, Animation, Action, Adventure, Animation, Action, Adventure",8.3,2.38
602,Fargo,1996,98,"Crime, Thriller, Crime, Thriller",8.1,24.61
2221,Hamlet,1996,242,Drama,7.7,4.41
1002,Sling Blade,1996,135,Drama,8.0,24.48
1806,Breaking the Waves,1996,159,Drama,7.8,4.04
843,The Bandit,1996,128,"Crime, Drama, Thriller, Crime, Drama, Thriller, Crime, Drama, Thriller",8.1,0.0
593,Trainspotting,1996,93,Drama,8.1,16.5
1088,Secrets & Lies,1996,136,"Comedy, Drama, Comedy, Drama",8.0,13.42
2515,Shine,1996,105,"Biography, Drama, Music, Biography, Drama, Music, Biography, Drama, Music",7.6,35.81
1969,Primal Fear,1996,129,"Crime, Drama, Mystery, Crime, Drama, Mystery, Crime, Drama, Mystery",7.7,56.12
738,Underground,1995,167,"Comedy, Drama, Fantasy, Comedy, Drama, Fantasy, Comedy, Drama, Fantasy",8.1,0.17
391,Casino,1995,178,"Crime, Drama, Crime, Drama",8.2,42.44
232,Heat,1995,170,"Action, Crime, Drama, Action, Crime, Drama, Action, Crime, Drama",8.3,67.44
263,Toy Story,1995,81,"Animation, Adventure, Comedy, Animation, Adventure, Comedy, Animation, Adventure, Comedy",8.3,191.8
951,12 Monkeys,1995,129,"Mystery, Sci-Fi, Thriller, Mystery, Sci-Fi, Thriller, Mystery, Sci-Fi, Thriller",8.0,57.14
669,La haine,1995,98,"Crime, Drama, Crime, Drama",8.1,0.31
121,The Usual Suspects,1995,106,"Crime, Drama, Mystery, Crime, Drama, Mystery, Crime, Drama, Mystery",8.5,23.34
2478,Die Hard with a Vengeance,1995,128,"Action, Adventure, Thriller, Action, Adventure, Thriller, Action, Adventure, Thriller",7.6,100.01
1784,Whisper of the Heart,1995,111,"Animation, Drama, Family, Animation, Drama, Family, Animation, Drama, Family",7.8,0.0
62,Se7en,1995,127,"Crime, Drama, Mystery, Crime, Drama, Mystery, Crime, Drama, Mystery",8.6,100.13
591,Before Sunrise,1995,101,"Drama, Romance, Drama, Romance",8.1,5.54
1113,Dilwale Dulhania Le Jayenge,1995,181,"Drama, Romance, Drama, Romance",8.0,0.0
2060,Sense and Sensibility,1995,136,"Drama, Romance, Drama, Romance",7.7,43.18
2062,Apollo 13,1995,140,"Adventure, Drama, History, Adventure, Drama, History, Adventure, Drama, History",7.7,173.84
1309,Ghost in the Shell,1995,83,"Animation, Action, Crime, Animation, Action, Crime, Animation, Action, Crime",7.9,0.52
253,Braveheart,1995,178,"Biography, Drama, History, Biography, Drama, History, Biography, Drama, History",8.3,75.6
2488,The Bridges of Madison County,1995,135,"Drama, Romance, Drama, Romance",7.6,71.52
1336,Once Were Warriors,1994,102,"Crime, Drama, Crime, Drama",7.9,2.2
1003,Chungking Express,1994,102,"Comedy, Crime, Drama, Comedy, Crime, Drama, Comedy, Crime, Drama",8.0,0.6
110,Léon: The Professional,1994,110,"Action, Crime, Drama, Action, Crime, Drama, Action, Crime, Drama",8.5,19.5
28,Forrest Gump,1994,142,"Drama, Romance, Drama, Romance",8.8,330.25
1163,Andaz Apna Apna,1994,160,"Action, Comedy, Romance, Action, Comedy, Romance, Action, Comedy, Romance",8.0,0.0
2142,Clerks,1994,92,Comedy,7.7,3.15
19,Pulp Fiction,1994,154,"Crime, Drama, Crime, Drama",8.9,107.93
118,The Lion King,1994,88,"Animation, Adventure, Drama, Animation, Adventure, Drama, Animation, Adventure, Drama",8.5,422.78
0,The Shawshank Redemption,1994,142,Drama,9.3,28.34
1741,Ed Wood,1994,127,"Biography, Comedy, Drama, Biography, Comedy, Drama, Biography, Comedy, Drama",7.8,5.89
1856,The Postman,1994,108,"Biography, Comedy, Drama, Biography, Comedy, Drama, Biography, Comedy, Drama",7.8,21.85
720,Three Colors: Red,1994,99,"Drama, Mystery, Romance, Drama, Mystery, Romance, Drama, Mystery, Romance",8.1,4.04
1647,The Fugitive,1993,130,"Action, Crime, Drama, Action, Crime, Drama, Action, Crime, Drama",7.8,183.88
1303,Carlito's Way,1993,144,"Crime, Drama, Thriller, Crime, Drama, Thriller, Crime, Drama, Thriller",7.9,36.95
929,Groundhog Day,1993,101,"Comedy, Drama, Fantasy, Comedy, Drama, Fantasy, Comedy, Drama, Fantasy",8.0,70.91
1733,The Remains of the Day,1993,134,"Drama, Romance, Drama, Romance",7.8,22.95
362,Jurassic Park,1993,127,"Action, Adventure, Sci-Fi, Action, Adventure, Sci-Fi, Action, Adventure, Sci-Fi",8.2,402.45
6,Schindler's List,1993,195,"Biography, Drama, History, Biography, Drama, History, Biography, Drama, History",9.0,96.9
684,In the Name of the Father,1993,133,"Biography, Crime, Drama, Biography, Crime, Drama, Biography, Crime, Drama",8.1,25.01
2108,Naked,1993,131,"Comedy, Drama, Comedy, Drama",7.7,1.77
1813,Ninja Scroll,1993,94,"Animation, Action, Adventure, Animation, Action, Adventure, Animation, Action, Adventure",7.8,0.0
1816,Batman: Mask of the Phantasm,1993,76,"Animation, Action, Adventure, Animation, Action, Adventure, Animation, Action, Adventure",7.8,5.62
1283,Bound by Honor,1993,180,"Crime, Drama, Crime, Drama",7.9,4.5
2222,Short Cuts,1993,188,"Comedy, Drama, Comedy, Drama",7.7,6.11
1516,Tombstone,1993,130,"Biography, Drama, History, Biography, Drama, History, Biography, Drama, History",7.8,56.51
2027,Philadelphia,1993,125,Drama,7.7,77.32
1398,Three Colors: Blue,1993,94,"Drama, Music, Mystery, Drama, Music, Mystery, Drama, Music, Mystery",7.9,1.32
1280,The Nightmare Before Christmas,1993,76,"Animation, Family, Fantasy, Animation, Family, Fantasy, Animation, Family, Fantasy",7.9,75.08
1512,A Bronx Tale,1993,121,"Crime, Drama, Crime, Drama",7.8,17.27
1588,The Sandlot,1993,101,"Comedy, Drama, Family, Comedy, Drama, Family, Comedy, Drama, Family",7.8,32.42
741,Farewell My Concubine,1993,171,"Drama, Music, Romance, Drama, Music, Romance, Drama, Music, Romance",8.1,5.22
2042,What's Eating Gilbert Grape,1993,118,Drama,7.7,9.17
1207,True Romance,1993,119,"Crime, Drama, Romance, Crime, Drama, Romance, Crime, Drama, Romance",7.9,12.28
2155,Malcolm X,1992,202,"Biography, Drama, History, Biography, Drama, History, Biography, Drama, History",7.7,48.17
266,Reservoir Dogs,1992,99,"Crime, Thriller, Crime, Thriller",8.3,2.83
936,Scent of a Woman,1992,156,Drama,8.0,63.9
2116,Glengarry Glen Ross,1992,100,"Crime, Drama, Mystery, Crime, Drama, Mystery, Crime, Drama, Mystery",7.7,10.73
414,Unforgiven,1992,130,"Drama, Western, Drama, Western",8.2,101.16
2205,Porco Rosso,1992,94,"Animation, Adventure, Comedy, Animation, Adventure, Comedy, Animation, Adventure, Comedy",7.7,0.0
1989,The Last of the Mohicans,1992,112,"Action, Adventure, Drama, Action, Adventure, Drama, Action, Adventure, Drama",7.7,75.51
2321,The Muppet Christmas Carol,1992,85,"Comedy, Drama, Family, Comedy, Drama, Family, Comedy, Drama, Family",7.7,27.28
1976,A Few Good Men,1992,138,"Drama, Thriller, Drama, Thriller",7.7,141.34
2370,My Cousin Vinny,1992,120,"Comedy, Crime, Comedy, Crime",7.6,52.93
926,Aladdin,1992,90,"Animation, Adventure, Comedy, Animation, Adventure, Comedy, Animation, Adventure, Comedy",8.0,217.35
2240,Hard Boiled,1992,128,"Action, Crime, Thriller, Action, Crime, Thriller, Action, Crime, Thriller",7.7,0.0
956,JFK,1991,189,"Drama, History, Thriller, Drama, History, Thriller, Drama, History, Thriller",8.0,70.41
802,Raise the Red Lantern,1991,125,"Drama, Romance, Drama, Romance",8.1,2.6
2261,The Double Life of Véronique,1991,98,"Drama, Fantasy, Music, Drama, Fantasy, Music, Drama, Fantasy, Music",7.7,2.0
944,Beauty and the Beast,1991,84,"Animation, Family, Fantasy, Drama, Fantasy, Romance, Animation, Family, Fantasy, Drama, Fantasy, Romance, Animation, Family, Fantasy, Drama, Fantasy, Romance, Animation, Family, Fantasy, Drama, Fantasy, Romance, Animation, Family, Fantasy, Drama, Fantasy, Romance, Animation, Family, Fantasy, Drama, Fantasy, Romance",8.0,218.97
2243,Night on Earth,1991,129,"Comedy, Drama, Comedy, Drama",7.7,2.02
65,The Silence of the Lambs,1991,118,"Crime, Drama, Thriller, Crime, Drama, Thriller, Crime, Drama, Thriller",8.6,130.74
1657,Boyz n the Hood,1991,112,"Crime, Drama, Crime, Drama",7.8,57.5
2499,Barton Fink,1991,116,"Comedy, Drama, Thriller, Comedy, Drama, Thriller, Comedy, Drama, Thriller",7.6,6.15
2107,Fried Green Tomatoes,1991,130,Drama,7.7,82.42
60,Terminator 2: Judgment Day,1991,137,"Action, Sci-Fi, Action, Sci-Fi",8.6,204.84
914,Dances with Wolves,1990,181,"Adventure, Drama, Western, Adventure, Drama, Western, Adventure, Drama, Western",8.0,184.21
1257,Edward Scissorhands,1990,105,"Drama, Fantasy, Romance, Drama, Fantasy, Romance, Drama, Fantasy, Romance",7.9,56.36
1686,Awakenings,1990,121,"Biography, Drama, Biography, Drama",7.8,52.1
1659,Misery,1990,107,"Drama, Thriller, Drama, Thriller",7.8,61.28
2292,Dreams,1990,119,"Drama, Fantasy, Drama, Fantasy",7.7,1.96
1972,Home Alone,1990,103,"Comedy, Family, Comedy, Family",7.7,285.76
2160,Miller's Crossing,1990,115,"Crime, Drama, Thriller, Crime, Drama, Thriller, Crime, Drama, Thriller",7.7,5.08
46,Goodfellas,1990,145,"Biography, Crime, Drama, Biography, Crime, Drama, Biography, Crime, Drama",8.7,46.84
1704,Kiki's Delivery Service,1989,103,"Animation, Family, Fantasy, Animation, Family, Fantasy, Animation, Family, Fantasy",7.8,0.0
1860,The Killer,1989,111,"Action, Crime, Drama, Action, Crime, Drama, Action, Crime, Drama",7.8,0.0
1875,Crimes and Misdemeanors,1989,104,"Comedy, Drama, Comedy, Drama",7.8,18.25
1611,Back to the Future Part II,1989,108,"Adventure, Comedy, Sci-Fi, Adventure, Comedy, Sci-Fi, Adventure, Comedy, Sci-Fi",7.8,118.5
353,Indiana Jones and the Last Crusade,1989,127,"Action, Adventure, Action, Adventure",8.2,197.17
1671,Glory,1989,122,"Biography, Drama, History, Biography, Drama, History, Biography, Drama, History",7.8,26.83
1767,My Left Foot,1989,103,"Biography, Drama, Biography, Drama",7.8,14.74
597,Dead Poets Society,1989,128,"Comedy, Drama, Comedy, Drama",8.1,95.86
2076,When Harry Met Sally...,1989,95,"Comedy, Drama, Romance, Comedy, Drama, Romance, Comedy, Drama, Romance",7.7,92.82
886,Do the Right Thing,1989,120,"Comedy, Drama, Comedy, Drama",8.0,27.55
139,Cinema Paradiso,1988,155,"Drama, Romance, Drama, Romance",8.5,11.99
932,Rain Man,1988,133,Drama,8.0,178.8
409,Die Hard,1988,132,"Action, Thriller, Action, Thriller",8.2,83.01
1701,Mississippi Burning,1988,128,"Crime, Drama, Mystery, Crime, Drama, Mystery, Crime, Drama, Mystery",7.8,34.6
134,Grave of the Fireflies,1988,89,"Animation, Drama, War, Animation, Drama, War, Animation, Drama, War",8.5,0.0
962,Akira,1988,124,"Animation, Action, Drama, Animation, Action, Drama, Animation, Action, Drama",8.0,0.55
2494,The Naked Gun: From the Files of Police Squad!,1988,85,"Comedy, Crime, Comedy, Crime",7.6,78.76
1954,Who Framed Roger Rabbit,1988,104,"Animation, Adventure, Comedy, Animation, Adventure, Comedy, Animation, Adventure, Comedy",7.7,156.45
2203,The Vanishing,1988,107,"Mystery, Thriller, Mystery, Thriller",7.7,0.0
821,Time of the Gypsies,1988,142,"Comedy, Crime, Drama, Comedy, Crime, Drama, Comedy, Crime, Drama",8.1,0.28
642,My Neighbor Totoro,1988,86,"Animation, Comedy, Family, Animation, Comedy, Family, Animation, Comedy, Family",8.1,1.11
1065,Wings of Desire,1987,128,"Drama, Fantasy, Romance, Drama, Fantasy, Romance, Drama, Fantasy, Romance",8.0,3.33
1635,The Untouchables,1987,119,"Crime, Drama, Thriller, Crime, Drama, Thriller, Crime, Drama, Thriller",7.8,76.27
256,Full Metal Jacket,1987,116,"Drama, War, Drama, War",8.3,46.36
2367,RoboCop,1987,102,"Action, Crime, Sci-Fi, Action, Crime, Sci-Fi, Action, Crime, Sci-Fi",7.6,53.42
2169,The Last Emperor,1987,163,"Biography, Drama, History, Biography, Drama, History, Biography, Drama, History",7.7,43.98
2094,Empire of the Sun,1987,153,"Drama, War, Drama, War",7.7,22.24
1129,"Goodbye, Children",1987,104,"Drama, War, Drama, War",8.0,4.54
1562,Predator,1987,107,"Action, Adventure, Horror, Action, Adventure, Horror, Action, Adventure, Horror",7.8,59.74
2454,Lethal Weapon,1987,109,"Action, Crime, Thriller, Action, Crime, Thriller, Action, Crime, Thriller",7.6,65.21
873,The Princess Bride,1987,98,"Adventure, Comedy, Family, Adventure, Comedy, Family, Adventure, Comedy, Family",8.0,30.86
2013,Evil Dead II,1987,84,"Comedy, Horror, Comedy, Horror",7.7,5.92
1995,Blue Velvet,1986,120,"Crime, Drama, Mystery, Crime, Drama, Mystery, Crime, Drama, Mystery",7.7,8.55
1572,Ferris Bueller's Day Off,1986,103,Comedy,7.8,70.14
1023,Castle in the Sky,1986,125,"Animation, Adventure, Family, Animation, Adventure, Family, Animation, Adventure, Family",8.0,0.0
810,Jean de Florette,1986,120,"Comedy, Drama, Comedy, Drama",8.1,4.94
1435,The Sacrifice,1986,149,Drama,7.9,0.3
1834,Hannah and Her Sisters,1986,107,"Comedy, Drama, Comedy, Drama",7.8,40.08
2214,Down by Law,1986,107,"Comedy, Crime, Drama, Comedy, Crime, Drama, Comedy, Crime, Drama",7.7,1.44
162,Aliens,1986,137,"Action, Adventure, Sci-Fi, Action, Adventure, Sci-Fi, Action, Adventure, Sci-Fi",8.4,85.16
569,Stand by Me,1986,89,"Adventure, Drama, Adventure, Drama",8.1,52.29
2146,The Name of the Rose,1986,130,"Drama, Mystery, Thriller, Drama, Mystery, Thriller, Drama, Mystery, Thriller",7.7,7.15
2436,The Fly,1986,96,"Drama, Horror, Sci-Fi, Drama, Horror, Sci-Fi, Drama, Horror, Sci-Fi",7.6,40.46
624,Platoon,1986,120,"Drama, War, Drama, War",8.1,138.53
1917,The Goonies,1985,114,"Adventure, Comedy, Family, Adventure, Comedy, Family, Adventure, Comedy, Family",7.7,61.5
2463,After Hours,1985,97,"Comedy, Crime, Drama, Comedy, Crime, Drama, Comedy, Crime, Drama",7.6,10.6
187,Come and See,1985,142,"Drama, Thriller, War, Drama, Thriller, War, Drama, Thriller, War",8.4,0.0
2318,The Purple Rose of Cairo,1985,82,"Comedy, Fantasy, Romance, Comedy, Fantasy, Romance, Comedy, Fantasy, Romance",7.7,10.63
445,Ran,1985,162,"Action, Drama, War, Action, Drama, War, Action, Drama, War",8.2,4.14
1514,The Breakfast Club,1985,97,"Comedy, Drama, Comedy, Drama",7.8,45.88
92,Back to the Future,1985,116,"Adventure, Comedy, Sci-Fi, Adventure, Comedy, Sci-Fi, Adventure, Comedy, Sci-Fi",8.5,210.61
1293,Brazil,1985,132,"Drama, Sci-Fi, Drama, Sci-Fi",7.9,9.93
2072,The Color Purple,1985,154,Drama,7.7,98.47
537,The Terminator,1984,107,"Action, Sci-Fi, Action, Sci-Fi",8.1,38.4
673,"Paris, Texas",1984,145,Drama,8.1,2.18
1761,The Killing Fields,1984,141,"Biography, Drama, History, Biography, Drama, History, Biography, Drama, History",7.8,34.7
261,Once Upon a Time in America,1984,229,"Crime, Drama, Crime, Drama",8.3,5.32
1285,This Is Spinal Tap,1984,82,"Comedy, Music, Comedy, Music",7.9,4.74
181,Amadeus,1984,160,"Biography, Drama, Music, Biography, Drama, Music, Biography, Drama, Music",8.4,51.97
1553,Ghostbusters,1984,105,"Action, Comedy, Fantasy, Action, Comedy, Fantasy, Action, Comedy, Fantasy",7.8,238.63
1016,Nausicaä of the Valley of the Wind,1984,117,"Animation, Adventure, Sci-Fi, Animation, Adventure, Sci-Fi, Animation, Adventure, Sci-Fi",8.0,0.5
1105,Nostalghia,1983,125,Drama,8.0,0.01
241,Scarface,1983,170,"Crime, Drama, Action, Crime, Drama, Crime, Drama, Action, Crime, Drama, Crime, Drama, Action, Crime, Drama, Crime, Drama, Action, Crime, Drama, Crime, Drama, Action, Crime, Drama",8.3,45.6
1677,The Right Stuff,1983,193,"Adventure, Biography, Drama, Adventure, Biography, Drama, Adventure, Biography, Drama",7.8,21.5
272,Star Wars: Episode VI - Return of the Jedi,1983,131,"Action, Adventure, Fantasy, Action, Adventure, Fantasy, Action, Adventure, Fantasy",8.3,309.13
1375,A Christmas Story,1983,93,"Comedy, Family, Comedy, Family",7.9,20.61
2324,Zelig,1983,79,Comedy,7.7,11.8
554,Blade Runner,1982,117,"Action, Drama, Sci-Fi, Action, Drama, Sci-Fi, Action, Drama, Sci-Fi",8.1,32.87
1026,Pink Floyd: The Wall,1982,95,"Drama, Fantasy, Music, Drama, Fantasy, Music, Drama, Fantasy, Music",8.0,22.24
1044,Fitzcarraldo,1982,158,"Adventure, Drama, Adventure, Drama",8.0,0.0
1029,Gandhi,1982,191,"Biography, Drama, History, Biography, Drama, History, Biography, Drama, History",8.0,52.77
1229,E.T. the Extra-Terrestrial,1982,115,"Adventure, Family, Sci-Fi, Adventure, Family, Sci-Fi, Adventure, Family, Sci-Fi",7.9,435.11
2015,Star Trek II: The Wrath of Khan,1982,113,"Action, Adventure, Sci-Fi, Action, Adventure, Sci-Fi, Action, Adventure, Sci-Fi",7.7,78.91
728,Fanny and Alexander,1982,188,Drama,8.1,4.97
2036,First Blood,1982,93,"Action, Adventure, Thriller, Action, Adventure, Thriller, Action, Adventure, Thriller",7.7,47.21
383,The Thing,1982,109,"Horror, Mystery, Sci-Fi, Horror, Mystery, Sci-Fi, Horror, Mystery, Sci-Fi",8.2,13.78
1719,The King of Comedy,1982,109,"Comedy, Crime, Drama, Comedy, Crime, Drama, Comedy, Crime, Drama",7.8,2.5
2158,The Verdict,1982,129,Drama,7.7,54.0
152,Indiana Jones and the Raiders of the Lost Ark,1981,115,"Action, Adventure, Action, Adventure",8.4,248.16
196,Das Boot,1981,149,"Drama, War, Drama, War",8.4,11.49
2439,The Road Warrior,1981,96,"Action, Adventure, Sci-Fi, Action, Adventure, Sci-Fi, Action, Adventure, Sci-Fi",7.6,12.47
1445,Kagemusha,1980,162,"Drama, History, War, Drama, History, War, Drama, History, War",7.9,0.0
437,The Elephant Man,1980,124,"Biography, Drama, Biography, Drama",8.2,0.0
639,Raging Bull,1980,129,"Biography, Drama, Sport, Biography, Drama, Sport, Biography, Drama, Sport",8.1,23.38
165,The Shining,1980,146,"Drama, Horror, Drama, Horror",8.4,44.02
1957,Airplane!,1980,88,Comedy,7.7,83.4
52,Star Wars: Episode V - The Empire Strikes Back,1980,124,"Action, Adventure, Fantasy, Action, Adventure, Fantasy, Action, Adventure, Fantasy",8.7,290.48
1246,The Blues Brothers,1980,133,"Action, Adventure, Comedy, Action, Adventure, Comedy, Action, Adventure, Comedy",7.9,57.23
2141,Ordinary People,1980,124,Drama,7.7,54.8
1750,Kramer vs. Kramer,1979,105,Drama,7.8,106.26
666,Stalker,1979,162,"Drama, Sci-Fi, Drama, Sci-Fi",8.1,0.23
1707,All That Jazz,1979,123,"Drama, Music, Musical, Drama, Music, Musical, Drama, Music, Musical",7.8,37.82
1803,Manhattan,1979,96,"Comedy, Drama, Romance, Comedy, Drama, Romance, Comedy, Drama, Romance",7.8,45.7
98,Alien,1979,117,"Horror, Sci-Fi, Horror, Sci-Fi",8.5,78.9
977,Life of Brian,1979,94,Comedy,8.0,20.05
994,Being There,1979,130,"Comedy, Drama, Comedy, Drama",8.0,30.18
167,Apocalypse Now,1979,147,"Drama, Mystery, War, Drama, Mystery, War, Drama, Mystery, War",8.4,83.47
1729,Dawn of the Dead,1978,127,"Horror, Thriller, Horror, Thriller",7.8,5.1
790,Autumn Sonata,1978,99,"Drama, Music, Drama, Music",8.1,0.0
557,The Deer Hunter,1978,183,"Drama, War, Drama, War",8.1,48.98
2039,Halloween,1978,91,"Horror, Thriller, Horror, Thriller",7.7,47.0
1759,Days of Heaven,1978,94,"Drama, Romance, Drama, Romance",7.8,0.0
70,Star Wars: Episode IV - A New Hope,1977,121,"Action, Adventure, Fantasy, Action, Adventure, Fantasy, Action, Adventure, Fantasy",8.6,322.74
1009,Annie Hall,1977,93,"Comedy, Romance, Comedy, Romance",8.0,39.2
1700,The Outlaw Josey Wales,1976,135,Western,7.8,31.8
577,Rocky,1976,120,"Drama, Sport, Drama, Sport",8.1,117.24
370,Taxi Driver,1976,114,"Crime, Drama, Crime, Drama",8.2,28.26
749,The Message,1976,177,"Biography, Drama, History, Biography, Drama, History, Biography, Drama, History",8.1,0.0
1270,All the President's Men,1976,138,"Drama, History, Thriller, Drama, History, Thriller, Drama, History, Thriller",7.9,70.6
668,Network,1976,121,Drama,8.1,0.0
654,Barry Lyndon,1975,185,"Adventure, Drama, War, Adventure, Drama, War, Adventure, Drama, War",8.1,0.0
1851,The Man Who Would Be King,1975,129,"Adventure, War, Adventure, War",7.8,0.0
933,Dog Day Afternoon,1975,125,"Biography, Crime, Drama, Biography, Crime, Drama, Biography, Crime, Drama",8.0,50.0
531,Jaws,1975,124,"Adventure, Mystery, Thriller, Adventure, Mystery, Thriller, Adventure, Mystery, Thriller",8.1,260.0
51,One Flew Over the Cuckoo's Nest,1975,133,Drama,8.7,112.0
509,Dersu Uzala,1975,142,"Adventure, Biography, Drama, Adventure, Biography, Drama, Adventure, Biography, Drama",8.2,0.0
1073,Mirror,1975,107,"Biography, Drama, Biography, Drama",8.0,0.18
807,Sholay,1975,162,"Action, Adventure, Comedy, Action, Adventure, Comedy, Action, Adventure, Comedy",8.1,0.0
419,Monty Python and the Holy Grail,1975,91,"Adventure, Comedy, Fantasy, Adventure, Comedy, Fantasy, Adventure, Comedy, Fantasy",8.2,1.23
2303,Love and Death,1975,85,"Comedy, War, Comedy, War",7.7,0.0
2512,The Taking of Pelham One Two Three,1974,104,"Action, Crime, Thriller, Action, Crime, Thriller, Action, Crime, Thriller",7.6,2.49
940,Young Frankenstein,1974,106,Comedy,8.0,86.3
11,The Godfather Part II,1974,202,"Crime, Drama, Crime, Drama",9.0,57.3
1744,The Conversation,1974,113,"Drama, Mystery, Thriller, Drama, Mystery, Thriller, Drama, Mystery, Thriller",7.8,4.42
697,A Woman Under the Influence,1974,155,"Drama, Romance, Drama, Romance",8.1,13.34
422,Chinatown,1974,130,"Drama, Mystery, Thriller, Drama, Mystery, Thriller, Drama, Mystery, Thriller",8.2,8.49
1930,Blazing Saddles,1974,93,"Comedy, Western, Comedy, Western",7.7,119.5
1787,The Day of the Jackal,1973,143,"Crime, Drama, Thriller, Crime, Drama, Thriller, Crime, Drama, Thriller",7.8,16.06
2457,Enter the Dragon,1973,102,"Action, Crime, Thriller, Action, Crime, Thriller, Action, Crime, Thriller",7.6,25.0
2186,Fantastic Planet,1973,72,"Animation, Sci-Fi, Animation, Sci-Fi",7.7,0.19
1665,The Holy Mountain,1973,114,"Adventure, Drama, Fantasy, Adventure, Drama, Fantasy, Adventure, Drama, Fantasy",7.8,0.06
1032,Papillon,1973,151,"Biography, Crime, Drama, Biography, Crime, Drama, Biography, Crime, Drama",8.0,53.27
1448,I Remember,1973,123,"Comedy, Drama, Comedy, Drama",7.9,0.58
2030,Badlands,1973,94,"Action, Crime, Drama, Action, Crime, Drama, Action, Crime, Drama",7.7,0.0
710,Paper Moon,1973,102,"Comedy, Crime, Drama, Comedy, Crime, Drama, Comedy, Crime, Drama",8.1,30.93
293,The Sting,1973,129,"Comedy, Crime, Drama, Comedy, Crime, Drama, Comedy, Crime, Drama",8.3,159.6
565,The Exorcist,1973,122,Horror,8.1,232.91
2136,Serpico,1973,130,"Biography, Crime, Drama, Biography, Crime, Drama, Biography, Crime, Drama",7.7,29.8
1775,"Aguirre, the Wrath of God",1972,95,"Action, Adventure, Biography, Action, Adventure, Biography, Action, Adventure, Biography",7.8,0.0
1119,Sleuth,1972,138,"Mystery, Thriller, Mystery, Thriller",8.0,4.08
1035,Solaris,1972,167,"Drama, Mystery, Sci-Fi, Drama, Mystery, Sci-Fi, Drama, Mystery, Sci-Fi",8.0,0.0
1756,Cabaret,1972,124,"Drama, Music, Musical, Drama, Music, Musical, Drama, Music, Musical",7.8,42.77
2018,Deliverance,1972,109,"Adventure, Drama, Thriller, Adventure, Drama, Thriller, Adventure, Drama, Thriller",7.7,7.06
1,The Godfather,1972,175,"Crime, Drama, Crime, Drama",9.2,134.97
1118,Cries & Whispers,1972,91,Drama,8.0,1.74
1884,The Discreet Charm of the Bourgeoisie,1972,102,Comedy,7.8,0.2
1631,Willy Wonka & the Chocolate Factory,1971,100,"Family, Fantasy, Musical, Family, Fantasy, Musical, Family, Fantasy, Musical",7.8,4.0
857,Anand,1971,122,"Drama, Musical, Drama, Musical",8.1,0.0
1360,Harold and Maude,1971,91,"Comedy, Drama, Romance, Comedy, Drama, Romance, Comedy, Drama, Romance",7.9,0.0
2099,Dirty Harry,1971,102,"Action, Crime, Thriller, Action, Crime, Thriller, Action, Crime, Thriller",7.7,35.9
1021,The Last Picture Show,1971,118,"Drama, Romance, Drama, Romance",8.0,29.13
1981,The French Connection,1971,104,"Action, Crime, Drama, Action, Crime, Drama, Action, Crime, Drama",7.7,15.63
249,A Clockwork Orange,1971,136,"Crime, Sci-Fi, Crime, Sci-Fi",8.3,6.21
917,Fiddler on the Roof,1971,181,"Drama, Family, Musical, Drama, Family, Musical, Drama, Family, Musical",8.0,80.5
1389,Patton,1970,172,"Biography, Drama, War, Biography, Drama, War, Biography, Drama, War",7.9,61.7
1414,The Conformist,1970,113,Drama,7.9,0.54
1483,The Red Circle,1970,140,"Crime, Drama, Thriller, Crime, Drama, Thriller, Crime, Drama, Thriller",7.9,0.37
1329,The Wild Bunch,1969,135,"Action, Adventure, Drama, Action, Adventure, Drama, Action, Adventure, Drama",7.9,12.06
1661,Midnight Cowboy,1969,113,Drama,7.8,44.79
480,Z,1969,127,"Crime, Drama, Thriller, Crime, Drama, Thriller, Crime, Drama, Thriller",8.2,0.08
981,Butch Cassidy and the Sundance Kid,1969,110,"Biography, Crime, Drama, Biography, Crime, Drama, Biography, Crime, Drama",8.0,102.31
251,2001: A Space Odyssey,1968,149,"Adventure, Sci-Fi, Adventure, Sci-Fi",8.3,56.95
965,Rosemary's Baby,1968,137,"Drama, Horror, Drama, Horror",8.0,0.0
967,Planet of the Apes,1968,112,"Adventure, Sci-Fi, Adventure, Sci-Fi",8.0,33.4
133,Once Upon a Time in the West,1968,165,Western,8.5,5.32
1323,The Lion in Winter,1968,134,"Biography, Drama, History, Biography, Drama, History, Biography, Drama, History",7.9,22.28
1754,Night of the Living Dead,1968,96,"Horror, Thriller, Horror, Thriller",7.8,0.09
1731,Guess Who's Coming to Dinner,1967,108,"Comedy, Drama, Comedy, Drama",7.8,56.7
2451,The Jungle Book,1967,78,"Animation, Adventure, Comedy, Animation, Adventure, Comedy, Animation, Adventure, Comedy",7.6,141.84
2275,Wait Until Dark,1967,108,Thriller,7.7,17.55
941,The Graduate,1967,106,"Comedy, Drama, Romance, Comedy, Drama, Romance, Comedy, Drama, Romance",8.0,104.95
647,Cool Hand Luke,1967,127,"Crime, Drama, Crime, Drama",8.1,16.22
1082,Le Samouraï,1967,101,"Crime, Drama, Thriller, Crime, Drama, Thriller, Crime, Drama, Thriller",8.0,0.04
2102,The Dirty Dozen,1967,150,"Action, Adventure, War, Action, Adventure, War, Action, Adventure, War",7.7,45.3
1426,In Cold Blood,1967,134,"Biography, Crime, Drama, Biography, Crime, Drama, Biography, Crime, Drama",7.9,0.0
1317,In the Heat of the Night,1967,110,"Drama, Mystery, Thriller, Drama, Mystery, Thriller, Drama, Mystery, Thriller",7.9,24.38
2178,Belle de Jour,1967,100,"Drama, Romance, Drama, Romance",7.7,0.03
2143,Bonnie and Clyde,1967,111,"Action, Biography, Crime, Action, Biography, Crime, Action, Biography, Crime",7.7,0.0
759,The Battle of Algiers,1966,121,"Drama, War, Drama, War",8.1,0.06
690,Persona,1966,83,"Drama, Thriller, Drama, Thriller",8.1,0.0
735,Andrei Rublev,1966,205,"Biography, Drama, History, Biography, Drama, History, Biography, Drama, History",8.1,0.1
1053,Who's Afraid of Virginia Woolf?,1966,131,Drama,8.0,0.0
2233,A Man for All Seasons,1966,120,"Biography, Drama, History, Biography, Drama, History, Biography, Drama, History",7.7,28.35
30,"The Good, the Bad and the Ugly",1966,178,"Adventure, Western, Adventure, Western",8.8,6.1
616,The Sound of Music,1965,172,"Biography, Drama, Family, Biography, Drama, Family, Biography, Drama, Family",8.1,163.21
448,For a Few Dollars More,1965,132,"Drama, Western, Drama, Western",8.2,15.0
1338,Doctor Zhivago,1965,197,"Drama, Romance, War, Drama, Romance, War, Drama, Romance, War",7.9,111.72
1747,My Fair Lady,1964,170,"Drama, Family, Musical, Drama, Family, Musical, Drama, Family, Musical",7.8,72.0
2208,Zulu,1964,138,"Drama, History, War, Drama, History, War, Drama, History, War",7.7,0.0
1662,Mary Poppins,1964,139,"Comedy, Family, Fantasy, Comedy, Family, Fantasy, Comedy, Family, Fantasy",7.8,102.27
1306,A Fistful of Dollars,1964,99,"Action, Drama, Western, Action, Drama, Western, Action, Drama, Western",7.9,14.5
1845,The Umbrellas of Cherbourg,1964,91,"Drama, Musical, Romance, Drama, Musical, Romance, Drama, Musical, Romance",7.8,0.03
2122,Goldfinger,1964,110,"Action, Adventure, Thriller, Action, Adventure, Thriller, Action, Adventure, Thriller",7.7,51.08
201,Dr. Strangelove or: How I Learned to Stop Worrying and Love the Bomb,1964,95,"Comedy, War, Comedy, War",8.4,0.28
2415,The Birds,1963,119,"Drama, Horror, Mystery, Drama, Horror, Mystery, Drama, Horror, Mystery",7.6,11.4
1346,Charade,1963,113,"Comedy, Mystery, Romance, Comedy, Mystery, Romance, Comedy, Mystery, Romance",7.9,13.47
1019,8½,1963,138,"Biography, Drama, Biography, Drama",8.0,0.05
411,The Great Escape,1963,172,"Adventure, Drama, History, Adventure, Drama, History, Adventure, Drama, History",8.2,12.1
1162,Winter Light,1963,81,Drama,8.0,0.0
216,High and Low,1963,143,"Crime, Drama, Mystery, Crime, Drama, Mystery, Crime, Drama, Mystery",8.4,0.0
1068,The Leopard,1963,186,"Drama, History, Drama, History",8.0,0.0
1349,The Manchurian Candidate,1962,126,"Drama, Thriller, Drama, Thriller",7.9,0.0
2314,Jules and Jim,1962,105,"Drama, Romance, Drama, Romance",7.7,0.0
699,The Man Who Shot Liberty Valance,1962,123,"Drama, Western, Drama, Western",8.1,0.0
1138,Sanjuro,1962,96,"Action, Drama, Thriller, Action, Drama, Thriller, Action, Drama, Thriller",8.0,0.0
238,To Kill a Mockingbird,1962,129,"Crime, Drama, Crime, Drama",8.3,0.0
2110,The Longest Day,1962,178,"Action, Drama, History, Action, Drama, History, Action, Drama, History",7.7,39.1
1883,Vivre Sa Vie,1962,85,Drama,7.8,0.0
86,Harakiri,1962,133,"Action, Drama, Mystery, Action, Drama, Mystery, Action, Drama, Mystery",8.6,0.0
282,Lawrence of Arabia,1962,218,"Adventure, Biography, Drama, Adventure, Biography, Drama, Adventure, Biography, Drama",8.3,44.82
1131,The Exterminating Angel,1962,95,"Drama, Fantasy, Drama, Fantasy",8.0,0.0
947,What Ever Happened to Baby Jane?,1962,134,"Drama, Horror, Thriller, Drama, Horror, Thriller, Drama, Horror, Thriller",8.0,4.05
1124,Ivan's Childhood,1962,95,"Drama, War, Drama, War",8.0,0.0
2259,Cape Fear,1962,106,"Drama, Thriller, Drama, Thriller",7.7,0.0
472,Yojimbo,1961,110,"Action, Drama, Thriller, Action, Drama, Thriller, Action, Drama, Thriller",8.2,0.0
318,Judgment at Nuremberg,1961,179,"Drama, War, Drama, War",8.3,0.0
1495,Through a Glass Darkly,1961,90,Drama,7.9,0.0
1078,The Hustler,1961,134,"Drama, Sport, Drama, Sport",8.0,8.28
1859,The Innocents,1961,100,Horror,7.8,2.62
818,The Virgin Spring,1960,89,Drama,8.1,1.53
306,The Apartment,1960,125,"Comedy, Drama, Romance, Comedy, Drama, Romance, Comedy, Drama, Romance",8.3,18.6
1927,The Magnificent Seven,1960,128,"Action, Adventure, Drama, Action, Adventure, Drama, Action, Adventure, Drama",7.7,4.91
1872,L'Avventura,1960,144,"Drama, Mystery, Romance, Drama, Mystery, Romance, Drama, Mystery, Romance",7.8,0.0
127,Psycho,1960,109,"Horror, Mystery, Thriller, Horror, Mystery, Thriller, Horror, Mystery, Thriller",8.5,32.0
2219,Breathless,1960,90,"Crime, Drama, Crime, Drama",7.7,0.34
1046,La Dolce Vita,1960,174,"Comedy, Drama, Comedy, Drama",8.0,19.52
1287,Spartacus,1960,197,"Adventure, Biography, Drama, Adventure, Biography, Drama, Adventure, Biography, Drama",7.9,30.0
663,Inherit the Wind,1960,128,"Biography, Drama, History, Biography, Drama, History, Biography, Drama, History",8.1,0.0
288,North by Northwest,1959,136,"Action, Adventure, Mystery, Action, Adventure, Mystery, Action, Adventure, Mystery",8.3,13.28
1014,Rio Bravo,1959,141,"Drama, Western, Drama, Western",8.0,12.54
729,The 400 Blows,1959,99,"Crime, Drama, Crime, Drama",8.1,0.0
679,Ben-Hur,1959,212,"Adventure, Drama, Adventure, Drama",8.1,74.7
1054,Anatomy of a Murder,1959,161,"Drama, Mystery, Drama, Mystery",8.0,11.9
1465,Hiroshima Mon Amour,1959,90,"Drama, Romance, Drama, Romance",7.9,0.09
439,Some Like It Hot,1959,121,"Comedy, Music, Romance, Comedy, Music, Romance, Comedy, Music, Romance",8.2,25.0
298,Vertigo,1958,128,"Mystery, Romance, Thriller, Mystery, Romance, Thriller, Mystery, Romance, Thriller",8.3,3.2
761,The Hidden Fortress,1958,126,"Action, Adventure, Drama, Action, Adventure, Drama, Action, Adventure, Drama",8.1,0.0
1401,Cat on a Hot Tin Roof,1958,108,Drama,7.9,17.57
1457,Elevator to the Gallows,1958,91,"Crime, Drama, Thriller, Crime, Drama, Thriller, Crime, Drama, Thriller",7.9,0.11
1062,Touch of Evil,1958,95,"Crime, Drama, Film-Noir, Crime, Drama, Film-Noir, Crime, Drama, Film-Noir",8.0,2.24
210,Witness for the Prosecution,1957,116,"Crime, Drama, Mystery, Crime, Drama, Mystery, Crime, Drama, Mystery",8.4,8.18
674,The Seventh Seal,1957,96,"Drama, Fantasy, Drama, Fantasy",8.1,0.0
9,12 Angry Men,1957,96,"Crime, Drama, Crime, Drama",9.0,4.36
758,Throne of Blood,1957,110,Drama,8.1,0.0
208,Paths of Glory,1957,88,"Drama, War, Drama, War",8.4,0.0
798,Nights of Cabiria,1957,110,Drama,8.1,0.75
731,Wild Strawberries,1957,91,"Drama, Romance, Drama, Romance",8.1,0.0
1080,Sweet Smell of Success,1957,96,"Drama, Film-Noir, Drama, Film-Noir",8.0,0.0
687,The Bridge on the River Kwai,1957,161,"Adventure, Drama, War, Adventure, Drama, War, Adventure, Drama, War",8.1,44.91
2248,Invasion of the Body Snatchers,1956,80,"Drama, Horror, Sci-Fi, Drama, Horror, Sci-Fi, Drama, Horror, Sci-Fi",7.7,0.0
1300,The Ten Commandments,1956,220,"Adventure, Drama, Family, Adventure, Drama, Family, Adventure, Drama, Family",7.9,93.74
1380,The Killing,1956,84,"Crime, Drama, Film-Noir, Crime, Drama, Film-Noir, Crime, Drama, Film-Noir",7.9,0.0
1290,The Searchers,1956,119,"Adventure, Drama, Western, Adventure, Drama, Western, Adventure, Drama, Western",7.9,0.0
505,Pather Panchali,1955,125,Drama,8.2,0.54
1048,The Night of the Hunter,1955,92,"Crime, Drama, Film-Noir, Crime, Drama, Film-Noir, Crime, Drama, Film-Noir",8.0,0.65
784,Diabolique,1955,117,"Crime, Drama, Horror, Crime, Drama, Horror, Crime, Drama, Horror",8.1,1.09
1802,East of Eden,1955,118,Drama,7.8,0.0
815,Rififi,1955,118,"Crime, Drama, Thriller, Crime, Drama, Thriller, Crime, Drama, Thriller",8.1,0.06
2493,Rebel Without a Cause,1955,111,Drama,7.6,0.0
137,Rear Window,1954,112,"Mystery, Thriller, Mystery, Thriller",8.5,36.76
681,On the Waterfront,1954,108,"Crime, Drama, Thriller, Crime, Drama, Thriller, Crime, Drama, Thriller",8.1,9.6
2490,Sabrina,1954,113,"Comedy, Drama, Romance, Comedy, Drama, Romance, Comedy, Drama, Romance",7.6,0.0
1126,La strada,1954,108,Drama,8.0,0.0
81,Seven Samurai,1954,207,"Action, Drama, Action, Drama",8.6,0.27
460,Dial M for Murder,1954,105,"Crime, Thriller, Crime, Thriller",8.2,0.01
2290,The Caine Mutiny,1954,124,"Drama, War, Drama, War",7.7,21.75
483,Tokyo Story,1953,136,Drama,8.2,0.0
1467,The Big Heat,1953,89,"Crime, Film-Noir, Thriller, Crime, Film-Noir, Thriller, Crime, Film-Noir, Thriller",7.9,0.0
1097,Stalag 17,1953,120,"Comedy, Drama, War, Comedy, Drama, War, Comedy, Drama, War",8.0,0.0
2481,From Here to Eternity,1953,118,"Drama, Romance, War, Drama, Romance, War, Drama, Romance, War",7.6,30.5
499,The Wages of Fear,1953,131,"Adventure, Drama, Thriller, Adventure, Drama, Thriller, Adventure, Drama, Thriller",8.2,0.0
1007,Roman Holiday,1953,118,"Comedy, Romance, Comedy, Romance",8.0,0.0
2180,The Quiet Man,1952,129,"Comedy, Drama, Romance, Comedy, Drama, Romance, Comedy, Drama, Romance",7.7,10.55
988,High Noon,1952,85,"Drama, Thriller, Western, Drama, Thriller, Western, Drama, Thriller, Western",8.0,9.45
522,Umberto D.,1952,89,Drama,8.2,0.07
301,Singin' in the Rain,1952,103,"Comedy, Musical, Romance, Comedy, Musical, Romance, Comedy, Musical, Romance",8.3,8.82
304,Ikiru,1952,143,Drama,8.3,0.06
2073,The African Queen,1951,105,"Adventure, Drama, Romance, Adventure, Drama, Romance, Adventure, Drama, Romance",7.7,0.54
1335,A Streetcar Named Desire,1951,122,Drama,7.9,8.0
733,Ace in the Hole,1951,111,"Drama, Film-Noir, Drama, Film-Noir",8.1,3.97
1383,Strangers on a Train,1951,101,"Crime, Drama, Film-Noir, Crime, Drama, Film-Noir, Crime, Drama, Film-Noir",7.9,7.63
1724,The Day the Earth Stood Still,1951,92,"Drama, Sci-Fi, Drama, Sci-Fi",7.8,0.0
1439,Harvey,1950,104,"Comedy, Drama, Fantasy, Comedy, Drama, Fantasy, Comedy, Drama, Fantasy",7.9,0.0
204,Sunset Blvd.,1950,110,"Drama, Film-Noir, Drama, Film-Noir",8.4,0.0
466,Rashomon,1950,88,"Crime, Drama, Mystery, Crime, Drama, Mystery, Crime, Drama, Mystery",8.2,0.1
1863,The Asphalt Jungle,1950,112,"Crime, Drama, Film-Noir, Crime, Drama, Film-Noir, Crime, Drama, Film-Noir",7.8,0.0
459,All About Eve,1950,138,Drama,8.2,0.01
1395,In a Lonely Place,1950,94,"Drama, Film-Noir, Mystery, Drama, Film-Noir, Mystery, Drama, Film-Noir, Mystery",7.9,0.0
1133,Kind Hearts and Coronets,1949,106,"Comedy, Crime, Comedy, Crime",8.0,0.0
694,The Third Man,1949,93,"Film-Noir, Mystery, Thriller, Film-Noir, Mystery, Thriller, Film-Noir, Mystery, Thriller",8.1,0.45
778,White Heat,1949,114,"Action, Crime, Drama, Action, Crime, Drama, Action, Crime, Drama",8.1,0.0
752,The Red Shoes,1948,135,"Drama, Music, Romance, Drama, Music, Romance, Drama, Music, Romance",8.1,10.9
1372,Rope,1948,80,"Crime, Drama, Mystery, Crime, Drama, Mystery, Crime, Drama, Mystery",7.9,0.0
469,The Treasure of the Sierra Madre,1948,126,"Adventure, Drama, Western, Adventure, Drama, Western, Adventure, Drama, Western",8.2,5.01
1722,Red River,1948,133,"Drama, Western, Drama, Western",7.8,0.0
2285,Key Largo,1948,100,"Action, Crime, Drama, Action, Crime, Drama, Action, Crime, Drama",7.7,0.0
325,Bicycle Thieves,1948,89,Drama,8.3,0.33
1462,Miracle on 34th Street,1947,96,"Comedy, Drama, Family, Comedy, Drama, Family, Comedy, Drama, Family",7.9,2.65
2239,Black Narcissus,1947,101,Drama,7.7,0.0
1070,Out of the Past,1947,97,"Crime, Drama, Film-Noir, Crime, Drama, Film-Noir, Crime, Drama, Film-Noir",8.0,0.0
1386,The Big Sleep,1946,114,"Crime, Film-Noir, Mystery, Crime, Film-Noir, Mystery, Crime, Film-Noir, Mystery",7.9,6.54
707,The Best Years of Our Lives,1946,170,"Drama, Romance, War, Drama, Romance, War, Drama, Romance, War",8.1,23.65
1341,Notorious,1946,102,"Drama, Film-Noir, Romance, Drama, Film-Noir, Romance, Drama, Film-Noir, Romance",7.9,10.46
1477,Beauty and the Beast,1946,93,"Animation, Family, Fantasy, Drama, Fantasy, Romance, Animation, Family, Fantasy, Drama, Fantasy, Romance, Animation, Family, Fantasy, Drama, Fantasy, Romance, Animation, Family, Fantasy, Drama, Fantasy, Romance, Animation, Family, Fantasy, Drama, Fantasy, Romance, Animation, Family, Fantasy, Drama, Fantasy, Romance",7.9,0.3
83,It's a Wonderful Life,1946,130,"Drama, Family, Fantasy, Drama, Family, Fantasy, Drama, Family, Fantasy",8.6,0.0
1420,Mildred Pierce,1945,111,"Crime, Drama, Film-Noir, Crime, Drama, Film-Noir, Crime, Drama, Film-Noir",7.9,0.0
1106,Brief Encounter,1945,86,"Drama, Romance, Drama, Romance",8.0,0.0
1156,"Rome, Open City",1945,103,"Drama, Thriller, War, Drama, Thriller, War, Drama, Thriller, War",8.0,0.0
1453,The Lost Weekend,1945,101,"Drama, Film-Noir, Drama, Film-Noir",7.9,9.46
1411,Laura,1944,88,"Drama, Film-Noir, Mystery, Drama, Film-Noir, Mystery, Drama, Film-Noir, Mystery",7.9,4.36
1405,Arsenic and Old Lace,1944,118,"Comedy, Crime, Thriller, Comedy, Crime, Thriller, Comedy, Crime, Thriller",7.9,0.0
1799,Gaslight,1944,114,"Crime, Drama, Mystery, Crime, Drama, Mystery, Crime, Drama, Mystery",7.8,0.0
320,Double Indemnity,1944,107,"Crime, Drama, Film-Noir, Crime, Drama, Film-Noir, Crime, Drama, Film-Noir",8.3,5.72
1807,To Have and Have Not,1944,100,"Adventure, Comedy, Film-Noir, Adventure, Comedy, Film-Noir, Adventure, Comedy, Film-Noir",7.8,0.0
1832,Shadow of a Doubt,1943,108,"Film-Noir, Thriller, Film-Noir, Thriller",7.8,0.0
496,To Be or Not to Be,1942,99,"Comedy, Romance, War, Comedy, Romance, War, Comedy, Romance, War",8.2,0.0
113,Casablanca,1942,102,"Drama, Romance, War, Drama, Romance, War, Drama, Romance, War",8.5,1.02
1276,Sullivan's Travels,1941,90,"Adventure, Comedy, Drama, Adventure, Comedy, Drama, Adventure, Comedy, Drama",7.9,0.0
296,Citizen Kane,1941,119,"Drama, Mystery, Drama, Mystery",8.3,1.59
1011,The Maltese Falcon,1941,100,"Crime, Film-Noir, Mystery, Crime, Film-Noir, Mystery, Crime, Film-Noir, Mystery",8.0,2.11
727,The Grapes of Wrath,1940,129,Drama,8.1,0.06
1393,The Philadelphia Story,1940,112,"Comedy, Romance, Comedy, Romance",7.9,0.0
1144,The Shop Around the Corner,1940,99,"Comedy, Drama, Romance, Comedy, Drama, Romance, Comedy, Drama, Romance",8.0,0.2
213,The Great Dictator,1940,125,"Comedy, Drama, War, Comedy, Drama, War, Comedy, Drama, War",8.4,0.29
2183,Fantasia,1940,124,"Animation, Family, Fantasy, Animation, Family, Fantasy, Animation, Family, Fantasy",7.7,76.41
1848,His Girl Friday,1940,92,"Comedy, Drama, Romance, Comedy, Drama, Romance, Comedy, Drama, Romance",7.8,0.3
704,Rebecca,1940,130,"Drama, Film-Noir, Mystery, Drama, Film-Noir, Mystery, Drama, Film-Noir, Mystery",8.1,4.36
756,Mr. Smith Goes to Washington,1939,129,"Comedy, Drama, Comedy, Drama",8.1,9.6
599,The Wizard of Oz,1939,102,"Adventure, Family, Fantasy, Adventure, Family, Fantasy, Adventure, Family, Fantasy",8.1,2.08
431,Gone with the Wind,1939,238,"Drama, Romance, War, Drama, Romance, War, Drama, Romance, War",8.2,198.68
1810,Stagecoach,1939,96,"Adventure, Drama, Western, Adventure, Drama, Western, Adventure, Drama, Western",7.8,0.0
1489,The Rules of the Game,1939,110,"Comedy, Drama, Comedy, Drama",7.9,0.0
2273,The Lady Vanishes,1938,96,"Mystery, Thriller, Mystery, Thriller",7.7,0.0
1402,The Adventures of Robin Hood,1938,102,"Action, Adventure, Romance, Action, Adventure, Romance, Action, Adventure, Romance",7.9,3.98
1869,You Can't Take It with You,1938,126,"Comedy, Drama, Romance, Comedy, Drama, Romance, Comedy, Drama, Romance",7.8,4.66
1793,Bringing Up Baby,1938,102,Comedy,7.8,0.0
2484,Snow White and the Seven Dwarfs,1937,83,"Animation, Adventure, Family, Animation, Adventure, Family, Animation, Adventure, Family",7.6,184.93
819,The Grand Illusion,1937,113,"Drama, War, Drama, War",8.1,0.17
141,Modern Times,1936,87,"Comedy, Drama, Romance, Comedy, Drama, Romance, Comedy, Drama, Romance",8.5,0.16
1839,The Bride of Frankenstein,1935,75,"Drama, Horror, Sci-Fi, Drama, Horror, Sci-Fi, Drama, Horror, Sci-Fi",7.8,4.36
1897,A Night at the Opera,1935,96,"Comedy, Music, Musical, Comedy, Music, Musical, Comedy, Music, Musical",7.8,2.54
1442,The Thin Man,1934,91,"Comedy, Crime, Mystery, Comedy, Crime, Mystery, Comedy, Crime, Mystery",7.9,0.0
716,It Happened One Night,1934,105,"Comedy, Romance, Comedy, Romance",8.1,4.36
2527,The Invisible Man,1933,71,"Horror, Sci-Fi, Horror, Sci-Fi",7.6,0.0
1881,Duck Soup,1933,69,"Comedy, Musical, Comedy, Musical",7.8,0.0
1377,King Kong,1933,100,"Adventure, Horror, Sci-Fi, Adventure, Horror, Sci-Fi, Adventure, Horror, Sci-Fi",7.9,10.0
1797,Freaks,1932,64,"Drama, Horror, Drama, Horror",7.8,0.63
2270,Scarface,1932,93,"Crime, Drama, Action, Crime, Drama, Crime, Drama, Action, Crime, Drama, Crime, Drama, Action, Crime, Drama, Crime, Drama, Action, Crime, Drama, Crime, Drama, Action, Crime, Drama",7.7,0.0
144,City Lights,1931,87,"Comedy, Drama, Romance, Comedy, Drama, Romance, Comedy, Drama, Romance",8.5,0.02
312,M,1931,99,"Crime, Mystery, Thriller, Crime, Mystery, Thriller, Crime, Mystery, Thriller",8.3,0.03
1790,Frankenstein,1931,70,"Drama, Horror, Sci-Fi, Drama, Horror, Sci-Fi, Drama, Horror, Sci-Fi",7.8,0.0
718,All Quiet on the Western Front,1930,152,"Drama, War, Action, Drama, War, Drama, War, Action, Drama, War, Drama, War, Action, Drama, War, Drama, War, Action, Drama, War, Drama, War, Action, Drama, War",8.1,3.27
846,The Circus,1928,72,"Comedy, Family, Romance, Comedy, Family, Romance, Comedy, Family, Romance",8.1,0.0
502,The Passion of Joan of Arc,1928,114,"Biography, Drama, History, Biography, Drama, History, Biography, Drama, History",8.2,0.02
291,Metropolis,1927,153,"Drama, Sci-Fi, Drama, Sci-Fi",8.3,1.24
767,Sunrise,1927,94,"Drama, Romance, Drama, Romance",8.1,0.54
781,The General,1926,78,"Action, Adventure, Comedy, Action, Adventure, Comedy, Action, Adventure, Comedy",8.1,1.03
1480,Battleship Potemkin,1925,66,"Drama, History, Thriller, Drama, History, Thriller, Drama, History, Thriller",7.9,0.05
787,The Gold Rush,1925,95,"Adventure, Comedy, Drama, Adventure, Comedy, Drama, Adventure, Comedy, Drama",8.1,5.45
517,Sherlock Jr.,1924,45,"Action, Comedy, Romance, Action, Comedy, Romance, Action, Comedy, Romance",8.2,0.98
1315,Nosferatu,1922,94,"Fantasy, Horror, Fantasy, Horror",7.9,0.0
335,The Kid,1921,68,"Comedy, Drama, Family, Comedy, Drama, Family, Comedy, Drama, Family",8.3,5.45
1075,The Cabinet of Dr. Caligari,1920,67,"Horror, Mystery, Thriller, Horror, Mystery, Thriller, Horror, Mystery, Thriller",8.0,0.0
